facility_id,facility_name,city,state,zip_code
ef58ea08-d883-3957-8300-150554edc8fb,HEALTHALLIANCE HOSPITALS  INC,LEOMINSTER,MA,01453
69176529-fd1f-3b3f-abce-a0a3626769eb,MOUNT AUBURN HOSPITAL,CAMBRIDGE,MA,02138
5e765f2b-e908-3888-9fc7-df2cb87beb58,STURDY MEMORIAL HOSPITAL,ATTLEBORO,MA,02703
f1fbcbfb-fcfa-3bd2-b7f4-df20f1b3c3a4,LAWRENCE GENERAL HOSPITAL,LAWRENCE,MA,01842
e002090d-4e92-300e-b41e-7d1f21dee4c6,CAMBRIDGE HEALTH ALLIANCE,CAMBRIDGE,MA,02138
ef6ab57c-ed94-3dbe-9861-812d515918b3,CAPE COD HOSPITAL,HYANNIS,MA,02601
49318f80-bd8b-3fc7-a096-ac43088b0c12,COOLEY DICKINSON HOSPITAL INC THE,NORTHAMPTON,MA,01060
fbf6180e-b800-3ebe-b91d-93d0288c400e,BAYSTATE FRANKLIN MEDICAL CENTER,GREENFIELD,MA,01301
8b58cdd1-3d79-3126-8fe0-da2c54d6805c,CARNEY HOSPITAL,BOSTON,MA,02124
4bdaa4c2-c664-3089-aee2-7137abbad27f,HARRINGTON MEMORIAL HOSPITAL-1,SOUTHBRIDGE,MA,01550
ecc51621-0af3-3b35-ac3e-8b1e34022e92,SAINT ANNE'S HOSPITAL,FALL RIVER,MA,02721
5d4b9df1-93ae-3bc9-b680-03249990e558,HOLYOKE MEDICAL CENTER,HOLYOKE,MA,01040
37b4d73f-652d-3033-a16e-d97b9e8b4cda,ANNA JAQUES HOSPITAL,NEWBURYPORT,MA,01950
5844ad77-f653-3c2b-b7dd-e97576ab3b03,BAYSTATE WING HOSPITAL AND MEDICAL CENTERS,PALMER,MA,01069
08bcda9c-f8c8-3244-82d4-fc306a7a55d3,BOSTON MEDICAL CENTER CORPORATION-,BOSTON,MA,02118
37c0de84-bcaf-3624-82bf-a89b2ac441b8,BEVERLY HOSPITAL CORPORATION,BEVERLY,MA,01915
4861d01f-019c-3dac-a153-8334e50919f9,NORTH SHORE MEDICAL CENTER -,SALEM,MA,01970
a0b6ec0c-e587-3b2a-bf9f-248849f29ee5,ST ELIZABETH'S MEDICAL CENTER,BRIGHTON,MA,02135
4f3a530e-a2f7-3de0-9a09-c0a70a9ab894,BERKSHIRE MEDICAL CENTER INC - 1,PITTSFIELD,MA,01201
f71ce1a9-cca7-3295-9a1e-c88ac3479b6f,MARLBOROUGH HOSPITAL,MARLBOROUGH,MA,01752
c44f361c-2efb-3050-8f97-0354a12e2920,SIGNATURE HEALTHCARE BROCKTON HOSPITAL,BROCKTON,MA,02302
331f4c11-d298-308b-aaa1-d7825b29b57f,CLINTON HOSPITAL ASSOCIATION,CLINTON,MA,01510
b1ddf812-1fdd-3adf-b1d5-32cc8bd07ebb,BETH ISRAEL DEACONESS HOSPITAL - PLYMOUTH,PLYMOUTH,MA,02360
6be05ccf-ef94-341f-a2a3-1cf9bfde1b18,ADCARE HOSPITAL OF WORCESTER INC,WORCESTER,MA,01605
b0e04623-b02c-3f8b-92ea-943fc4db60da,LOWELL GENERAL HOSPITAL,LOWELL,MA,01854
ebc3f5c4-6700-34af-8323-85621c313726,NOBLE HOSPITAL,WESTFIELD,MA,01085
fd328395-ab1d-35c6-a2d0-d05a9a79cf11,MERCY MEDICAL CTR,SPRINGFIELD,MA,01104
d692e283-0833-3201-8e55-4f868a9c0736,HALLMARK HEALTH SYSTEM,MELROSE,MA,02176
d78e84ec-30aa-3bba-a33a-f29a3a454662,MASSACHUSETTS GENERAL HOSPITAL,BOSTON,MA,02114
8ad64ecf-c817-3753-bee7-006a8e662e06,MORTON HOSPITAL,TAUNTON,MA,02780
23834663-ed53-3da9-b330-d6e1ecb8428e,SOUTHCOAST HOSPITAL GROUP  INC,FALL RIVER,MA,02720
44bef9d3-91c2-3005-93e0-ccf436348ff0,MASSACHUSETTS EYE AND EAR INFIRMARY -,BOSTON,MA,02114
60457c13-adb2-3415-82c5-86ab5dab5f93,BAYSTATE MEDICAL CENTER,SPRINGFIELD,MA,01199
a9f20dc1-5147-3789-bcef-bbecb41c5983,HOLY FAMILY HOSPITAL,METHUEN,MA,01844
7fb56531-86bd-3e4a-8619-4df9942da309,BETH ISRAEL DEACONESS HOSPITAL - NEEDHAM,NEEDHAM,MA,02494
03347b4d-994e-302b-848b-58019a4e274d,EMERSON HOSPITAL -,W CONCORD,MA,01742
cb6a50e0-af76-3758-99ad-3200ede03fff,BETH ISRAEL DEACONESS MEDICAL CENTER,BOSTON,MA,02215
9a7149fa-49fc-3c87-b935-d29c55808717,NEW ENGLAND BAPTIST HOSPITAL,BOSTON,MA,02120
24cb4eab-6166-3530-bddc-a5a8a14a4fc1,MILFORD REGIONAL MEDICAL CENTER,MILFORD,MA,01757
e44f438a-601b-30fb-85eb-bfaf8ddcb5ad,HEYWOOD HOSPITAL -,GARDNER,MA,01440
ac8356a5-78f8-3a63-8a1e-59e832fd54e7,NASHOBA VALLEY MEDICAL CENTER,AYER,MA,01432
db0acede-4abe-3c01-8d03-5c68a190d8c7,SOUTH SHORE HOSPITAL,SOUTH WEYMOUTH,MA,02190
3d10019f-c88e-3de5-9916-6107b9c0263d,NEWTON-WELLESLEY HOSPITAL,NEWTON,MA,02462
f4e7709c-02f6-37ca-aeea-8247d74e88e7,WINCHESTER HOSPITAL,WINCHESTER,MA,01890
12c9daf5-a29c-36c9-ac55-28972463e566,BETH ISRAEL DEACONESS HOSPITAL-MILTON INC,MILTON,MA,02186
27379046-608b-32f0-9df7-8c833cf5d11d,BRIGHAM AND WOMEN'S HOSPITAL,BOSTON,MA,02115
226098a2-6a40-3588-b5bb-db56c3a30a04,GOOD SAMARITAN MEDICAL CENTER,BROCKTON,MA,02301
b7175ab4-bde5-3848-891b-579bccb77c7c,TUFTS MEDICAL CENTER,BOSTON,MA,02111
d733d4a9-080d-3593-b910-2366e652b7ea,BRIGHAM AND WOMEN'S FAULKNER HOSPITAL,BOSTON,MA,02130
3bd5eda0-16da-3ba5-8500-4dfd6ae118b8,NORWOOD HOSPITAL,NORWOOD,MA,02062
d5117822-5756-389d-9547-891a372d580f,FALMOUTH HOSPITAL,FALMOUTH,MA,02540
f99c74cc-7d1a-3f95-9a33-4a9357bf2f2a,UMASS MEMORIAL MEDICAL CENTER INC,WORCESTER,MA,01655
6f122869-a856-3d65-8db9-099bf4f5bbb8,LAHEY HOSPITAL & MEDICAL CENTER  BURLINGTON,BURLINGTON,MA,01803
465de31f-3098-365c-af70-48a071e1f5aa,METROWEST MEDICAL CENTER,FRAMINGHAM,MA,01701
1eaf97fa-9de6-38de-a9c4-6efe5dc574be,ST VINCENT HOSPITAL,WORCESTER,MA,01608
80e919cc-df1a-3838-b75e-541564a286e5,NANTUCKET COTTAGE HOSPITAL,NANTUCKET,MA,02554
56e0b3b3-4fac-3776-8fc9-7b465eb2fc17,FAIRVIEW HOSPITAL,GREAT BARRINGTON,MA,01230
161a799c-4894-36f6-8ca7-2a71c8107f79,ATHOL MEMORIAL HOSPITAL,ATHOL,MA,01331
956ccb85-bea0-30f9-af48-52f5dd95ff72,FRANCISCAN CHILDREN'S HOSPITAL & REHAB CENTER,BRIGHTON,MA,02135
d7b11827-25f2-350b-bcd8-939fc59851b0,BOSTON CHILDREN'S HOSPITAL,BOSTON,MA,02115
5103c940-0c08-392f-95cd-446e0cea042a,SHRINERS' HOSPITAL FOR CHILDREN (THE),SPRINGFIELD,MA,01104
ff9863d3-3fa3-3861-900e-f00148f5d9c2,SHRINERS' HOSPITAL FOR CHILDREN - BOSTON  THE,BOSTON,MA,02114
72a10c1a-ee7c-3a01-97b1-33f63244c13e,Edith Nourse Rogers Memorial Veterans Hospital (Bedford VA),Bedford,MA,01730
1bd44727-a8e3-322d-9c14-a5c529d6ce6d,VA Boston Healthcare System  Brockton Campus,Brockton,MA,02301
be4c63f3-8d38-3fa9-a183-62045b5c85f6,VA Boston Healthcare System  Jamaica Plain Campus,Jamaica Plain,MA,02130
a7500efb-720b-3e44-990a-0c3edc5a3990,VA Boston Healthcare System  West Roxbury Campus,West Roxbury,MA,02132
ae67223f-808e-33d3-a83e-066deebf35ed,VA Central Western Massachusetts Healthcare System,Leeds,MA,01053
05462bf2-25d4-3ecd-afdf-bb3e1140929a,Causeway OPC,Boston,MA,02114
5259a506-b80b-3ed5-9c30-83188eabf33e,Fitchburg Outpatient Clinic,Fitchburg,MA,01420
53b25c4b-e95f-3dd1-8e69-d427cdd83631,Framingham Outpatient Clinic,Framingham,MA,01702
c1c0c43e-ca87-3ee5-9549-be3f28afde81,Greenfield Outpatient Clinic,Greenfield,MA,01301
ed146054-9dd5-3f0b-83df-d29d983039c3,Hyannis Outpatient Clinic,Hyannis,MA,02601
8881e3ee-e915-31b3-867f-8e2fbe41e887,Lynn Community Based Outpatient Clinic (CBOC),Lynn,MA,01904
0b78995f-8b45-34d3-969d-afcc456bb1c7,New Bedford Outpatient Clinic,New Bedford,MA,02740
cb72194a-b1fd-3089-afb6-cb8bb61f4f9c,Plymouth Outreach Clinic,Plymouth,MA,02360
18f774ab-db01-37ba-95c4-44c4eab47089,Quincy Outpatient Clinic,Quincy,MA,02169
37eb7694-de8f-3407-b95f-1a6a31fb0f6a,Springfield Outpatient Clinic,Springfield,MA,01104
d311e70d-86e7-3c03-b115-53892bcf7ef1,Worcester Outpatient Clinic,Worcester,MA,01605
7b50426f-b50b-3d7c-ab22-04a0e1632ac8,Boston Vet Center,Boston,MA,02210
3fbe3da9-8e41-3118-a253-7e2d1b46480f,Brockton Vet Center,Brockton,MA,02301
5b7aa5b4-aa6f-3acc-bd96-01ce774cb614,Lowell Vet Center,Lowell,MA,01852
78dbf052-6958-3c67-af45-b5a450b70fe4,Springfield Vet Center,West Springfield,MA,01089
3a2242e0-de37-303b-bdfc-e160c7eae518,Worcester Vet Center,Worcester,MA,01609
05f449e8-89fc-3204-ac89-2416cc734431,PCP61,BROOKLINE,MA,02446-6499
b7dc82e4-3595-391b-a897-495dd7e5cf38,PCP103,SAUGUS,MA,01906-1980
c72c73fd-0c2a-3579-b732-130984e4883c,PCP376,NORTHBOROUGH,MA,01532-2159
793474a4-7871-382e-8347-2d3f2e024869,TPB ENTERPRISES  INC,FRAMINGHAM,MA,01702-8216
306fcf64-2582-3906-9311-9cc169d058c5,PCP951,BRADFORD,MA,01835-7237
71b6fd75-d5ca-3f0a-a81e-1fc098c63ba2,PCP1090,WATERTOWN,MA,02472-4005
7d1c9185-6194-3fca-8c56-1e2d5ac7ee71,PCP1221,HADLEY,MA,01035-3534
3efb354f-8c7e-3efe-8660-e2eb0fd6a3c5,PCP1345,NORWOOD,MA,02062-5006
4222a451-49b1-3520-b7d0-df9dc2caa033,PCP1530,AMHERST,MA,01002-1738
46d76f18-28be-3225-9d6c-8f9a424775eb,ACTIVE MOTION PHYSICAL THERAPY,WAKEFIELD,MA,01880-3018
51ca6e5b-854a-3935-b829-7b5200e3b4c4,PCP1716,BROOKLINE,MA,02446-4808
674de87d-159a-36bb-96a4-e415aa756ea6,PCP1860,BROOKLINE,MA,02445-1922
1c483ab1-d5b0-3e9e-a9a8-00ff5223d43a,PCP2068,JAMAICA PLAIN,MA,02130-1240
f59a9262-98bf-30b2-9317-6eef39885a34,PCP2209,PEABODY,MA,01960-1521
869ba21d-a974-3260-9752-4d1ba8d12f28,PCP2617,WESTON,MA,02493-1341
da316561-45db-3a0e-b6ff-83b167020597,PCP2662,ORLEANS,MA,02653-1566
ad44968b-257d-36af-8f3c-a682d2a4b30b,PCP2722,HINGHAM,MA,02043-4021
433c8aea-1ab2-374e-a879-7c6fd0d3c4e6,PCP3099,SOMERVILLE,MA,02143-2127
18493754-0bc4-3653-89ba-fced6e9a2a79,PCP3280,TOWNSEND,MA,01469-1300
d303f885-b64a-3c2c-b13f-36a97c2522bf,PCP3324,GROTON,MA,01450-1450
775c7fab-5ca1-3703-ba2d-c297992d97d1,PCP3357,ROCKPORT,MA,01966-1437
d7e1f7b8-5261-3ee6-9d13-3e47f57fa6c2,PCP3579,BROOKLINE,MA,02446-3793
129f29ed-9183-311f-a596-9c762d8cb08c,PCP3741,BILLERICA,MA,01821-5338
36f3b4f2-9e17-3b2b-b080-eab3c7fda7fb,PCP3763,SOUTH DARTMOUTH,MA,02748-3524
41a07ac8-2bc7-36ed-b585-bb5a55882219,PCP3782,WOBURN,MA,01801-1007
0de9633c-54dd-39cb-947c-8ab5ecdf93a2,PCP3874,SHIRLEY,MA,01464-2561
4409e057-3f33-39ab-92a1-54fd9c2f3a3e,DR TED F BUKOWSKI AND ASSOC PC,NORTON,MA,02766-2342
27ea3751-40d6-3fcc-88ad-4b7d0c710a7b,PCP4453,CARVER,MA,02330-1716
ad3a23c5-ee9b-361d-96ee-244364c9b63a,PCP4460,LYNNFIELD,MA,01940-2617
6ab2e1c9-e185-3282-a4e8-d200a6f2b36c,PCP4621,GROVELAND,MA,01834-1229
3adbc956-6e12-324b-bbf9-c297cbc531dc,PCP4890,WAKEFIELD,MA,01880-1281
1d316cdb-fcb8-3b90-a2e4-079a330d344c,PCP5409,BROOKLINE,MA,02446-3793
0d768c74-92f5-367b-bd5c-76d3143e82b7,PCP5481,OXFORD,MA,01540-1728
5b5591ce-ff1f-350c-8e37-c042f93646cb,PCP5628,SAGAMORE BEACH,MA,02562-2367
6fca7f82-5436-395c-b7d5-df9438fb4b2e,PCP5655,YARMOUTH PORT,MA,02675-2159
3eb7fc33-e4cf-3696-9be9-e814a1e472b2,PCP5682,MANSFIELD,MA,02048-2253
c927f41c-0e3e-3997-bed8-bd53534de138,PCP5684,STONEHAM,MA,02180-2023
52cfd6b1-bb25-3447-a32a-3cbb0a7afd79,PCP5813,UPTON,MA,01568-1004
94d65687-ca73-364b-815e-9a82383f686d,PCP5973,SALEM,MA,01970-3625
5941168c-abcf-3a5c-8281-019d64bcd548,PCP6036,HADLEY,MA,01035-9552
d26675bd-9ded-3c92-8e67-d708a500b598,PCP6235,BROOKLINE,MA,02446-3806
48f9895c-222b-3082-ab26-0b5220b07ab4,PCP6451,WEST SPRINGFIELD,MA,01089-3366
6ea37b08-500c-3caf-b600-a7f90785c9fd,PCP6646,READING,MA,01867-3022
735d39d3-d76b-30e0-909d-df29f162c687,PCP7174,LONGMEADOW,MA,01106-1675
9ede8777-9442-3a51-945d-8ccee45acff6,PCP7238,HANSON,MA,02341-1166
80b9b401-87ba-3995-9bc7-99e67b4c8fdf,PCP7243,CAMBRIDGE,MA,02138
f84f441a-9b3d-3fd4-aa87-4931f5362de4,PCP7496,SANDWICH,MA,02563-0537
42151624-e863-3706-8442-472fafbf2226,PCP8034,MARBLEHEAD,MA,01945-2831
d01fb520-993d-306a-beb2-607e18c95517,PCP8522,KINGSTON,MA,02364-1906
98c716c1-1951-39a3-8c5e-fd57ac194208,PCP8861,SOUTH ATTLEBORO,MA,02703-5917
32836213-4ac7-3021-aad8-6383f3ced351,PCP9022,GRAFTON,MA,01536-1614
bf5b8173-2d02-342a-b46e-f7814724d0c0,PCP9942,MILTON,MA,02186-2318
fb547fcc-de51-3431-883e-4338743e4d49,PCP9973,BRAINTREE,MA,02184-5502
65583707-3e0a-35e3-8c0a-37df9efe0b23,PCP10332,PLYMPTON,MA,02367-1718
6e481039-a431-3c79-b4d7-aa18ee8c50d0,PCP10700,AMHERST,MA,01002-1738
b74c6b49-6c41-3c34-829a-33c4739872be,PCP10713,ATTLEBORO,MA,02703-5954
5e6f8a00-6072-30cd-988a-a615e9cc3b2f,PCP10780,SOMERSET,MA,02725-1816
438e9d44-1f8f-3c7f-807c-754e714c4e29,PCP11164,CHELSEA,MA,02150-3679
2cacbb8e-b655-3f0c-b6a4-685f666e4544,PCP11360,MASHPEE,MA,02649-2611
7de1976a-eff4-3ca6-ac09-274462ae76ef,PCP11412,WINCHESTER,MA,01890-1913
6bc15379-df43-3eb0-9248-13481a3bf028,PCP11571,BROOKLINE,MA,02445-6871
dcd2bf99-6b14-3f3e-bcef-5bf1bb1d3a45,PCP11621,QUINCY,MA,02169-4514
043c2193-7fbd-3a5c-ad68-275230f1f3d4,PCP11873,DOVER,MA,02030-2374
daa4c408-5fc5-32a8-881e-12181e8b8598,PCP12132,SHERBORN,MA,01770-1302
908921eb-7b1d-3425-86ed-5919a9c01b6a,NANCY A BALIN MD F A C S,FLORENCE,MA,01062-2053
e9b210da-b06c-3bda-afe0-ea8f291211dd,TANZMAN MASELLI AND ASSOCIATES PC,ADAMS,MA,01220-1750
fea71139-3a82-323c-82a9-1e573fc1ec2c,PCP12341,QUINCY,MA,02169-4511
b6290f94-443f-35d0-8cff-3faae1f9f288,PCP12989,ANDOVER,MA,01810-3600
bc82cb1f-42c3-3a6b-b10c-817591baa673,PCP13076,ARLINGTON,MA,02474-8406
e4cf9ee8-af0f-38d3-9422-2110c6f54867,PCP13645,CAMBRIDGE,MA,02140-1020
fa120db4-e034-3fa3-a831-d343d5445bb8,PCP13750,SAUGUS,MA,01906-2342
bb13540a-76b8-364d-8d56-25108796456f,PCP13766,BURLINGTON,MA,01803-4530
63b12098-a29c-357d-b1c0-4dcc2f0b6d6c,PCP14226,SHREWSBURY,MA,01545-5265
1e4eec39-df1e-3c10-8132-6c74bbcaf05b,PCP14240,DUXBURY,MA,02332-3877
59a3a46d-e206-3052-8c82-cbafc00cf1ba,PCP14572,SHREWSBURY,MA,01545-6405
588e03bd-91bc-3442-be9e-66c18ba36c0c,KHOURY CHIROPRACTC  INC.,BELLINGHAM,MA,02019-1678
b1b59ef1-fcf4-34f8-8fd2-4d51b1586d85,PCP14706,NORTH DARTMOUTH,MA,02747-1262
eeebd573-1670-38c2-816b-6914b9de5138,PCP15026,SALEM,MA,01970-3150
6f8827d8-b5d0-3ab2-b04c-7363d98d6f90,PCP15097,LEXINGTON,MA,02420-4641
ffab0f83-3cf7-39c9-9500-e1e2345cf6bb,PCP15181,FITCHBURG,MA,01420-5214
92fba4ac-ef81-3a44-9921-64c063301834,PCP15182,EAST DENNIS,MA,02641-0356
1c15a03e-5347-380f-a3dc-5496ba99ed2b,PCP15351,AMHERST,MA,01002-2933
e1a712c3-d6c3-3432-ab2f-dab2fc5649f8,PCP15485,MILFORD,MA,01757-1743
ff917dd4-ffbb-3f4c-b2df-445a7e9d29aa,PCP15541,NORTON,MA,02766-2569
728e75a0-2274-303e-97dc-1af51ebd30b5,PCP15792,AMHERST,MA,01002-2353
1d376956-d8da-3a4b-ac7c-18fe4e799e3d,PCP15810,BROOKLINE,MA,02446-3202
34a0de28-79fc-3fee-bbbe-7c12a9e84258,PCP16089,WESTPORT,MA,02790-4100
e7908588-196c-3534-853a-18910e276286,PCP16203,ACTON,MA,01720-3415
2b1ab576-50a4-3d9f-ba1f-a8cdcfa186fc,PCP16374,NEWBURYPORT,MA,01950-2650
ca84301a-d567-3b35-86c7-5d75f341e562,PCP16686,PITTSFIELD,MA,01201-6312
46f60519-8023-365f-a266-cc8e018caedc,PCP16959,HAVERHILL,MA,01830-5855
99a0f468-b273-32f3-bda1-c9b2eb560e59,PCP17095,NEEDHAM,MA,02492-2565
5d965dd7-5355-371d-9b13-2a0321e3e4aa,PCP17236,CONCORD,MA,01742-3049
09207265-689c-3412-84b2-fcecbaf68b7f,PCP17279,MARBLEHEAD,MA,01945-2329
bee3973f-125a-3713-807e-8e9c0f9e304e,PCP17791,MILLBURY,MA,01527-2601
707bfbf6-85d4-375f-b12a-43ff210ec187,PCP18175,MONTAGUE,MA,01351-8925
3e54a0c1-21ed-34ea-9696-e64a09626bcc,PCP18347,CARLISLE,MA,01741-1840
c47a2ac5-f2f2-3f8c-aee8-336ed150f77b,PCP18545,NEWTON,MA,02459-2831
1f8bf1bc-2c07-3ea6-9782-0a8eb036ba4f,PCP19450,LYNNFIELD,MA,01940-2344
86f868e9-3325-3019-98d9-34ca2dc11f20,TANZMAN MASELLI AND ASSOCIATES PC,N ADAMS,MA,01247-4522
cc648e4d-ae3a-3933-930e-f1f34189eb97,PCP19816,WESTWOOD,MA,02090-1801
1f2b3666-5e34-3e83-8a47-076f8f9c161e,PCP20187,SOMERVILLE,MA,02144-1703
4cd7de25-382b-30f8-94d5-e353e3eca86a,PCP20489,DOVER,MA,02030-2451
291a7431-7eca-35f8-b086-464e4b7ae919,PCP20953,NEWTON,MA,02459-3300
036f1255-5cd0-357e-a68d-80470fb3c7dd,PCP20982,BROOKLINE,MA,02446-5532
789d10ff-bb15-37ed-b02a-61eafb978686,PCP21112,QUINCY,MA,02169-7564
d6c83c6a-f78f-3e23-a2f4-444f9519d576,HOLLISTON VISION CENTER INC,HOLLISTON,MA,01746-1690
09f69020-aa1e-3bd8-b1f1-9b4534273281,PCP21378,DEDHAM,MA,02026-6817
b3e30964-03f2-3136-8347-255d16f65d93,PCP21436,YARMOUTH PORT,MA,02675-1819
f1d9c9ec-5a62-335f-a680-abce7c7d1d83,PCP21720,PLYMOUTH,MA,02360-2664
572011b1-4787-3e18-a961-1b233d229036,PCP21995,PEABODY,MA,01945
d8b927a2-8e71-3b43-98ae-8ed2c7c724c9,PCP22470,BILLERICA,MA,01821-3757
f18084da-cd20-347a-93a9-f62f748ba19a,PCP22490,MEDFIELD,MA,02052-2317
c622cfbd-4815-3719-800f-81587c87161c,PCP22546,ARLINGTON,MA,02476-4712
b5224693-0819-3f63-9e94-ab96794d5ccc,PCP23079,SAGAMORE BEACH,MA,02562
5bf83e18-ef6e-33a8-ad5b-86cb70b4795a,PCP23572,LOWELL,MA,01854-3571
78a11f16-e161-3dfa-91fa-16af7109cea0,PCP23885,NO FALMOUTH,MA,02556-2821
adde0d12-c941-3ae8-8cd5-1265b40c5c8d,PCP24659,HYANNIS,MA,02601-3006
ee1a65b6-9cdc-32ca-a8ea-8c1b1bfca928,ENCOMPASS CARE COMPANY INC,SOUTHBOROUGH,MA,01772-1777
04c1cc59-11e3-30e5-b317-0bf5e765f3e8,BEACON FAMILY MEDICINE  LLP,IPSWICH,MA,01938-2585
027988f5-9d2d-367f-a9a4-7daafe78bf61,PCP25103,NEWTON,MA,02458-2708
5eeacb40-eaaa-3a42-b208-0b257414c2a0,PCP25231,SHELBURNE FLS,MA,01370-9402
10968ba2-75e7-351a-a73a-c37a2a8dfcfc,PCP25544,ESSEX,MA,01929-1300
279b2a85-ab64-3dec-90df-fbca8b479db5,PCP25692,WENHAM,MA,01984-1313
9345b4b7-b2b7-32f8-bed9-3bbd16c222f8,PCP25982,CONCORD,MA,01742-2422
aac92e78-fb05-349b-ab75-da8d6048352f,PCP26041,CENTERVILLE,MA,02632-2948
43de7525-f2f9-39a9-b8ff-9cba4ef56988,PCP26110,WATERTOWN,MA,02472-1642
a8e7f9f0-013e-3629-bbcd-ff75dcb46e96,ANDREA DIFILIPPO  LICSW AND ASSOCIATES  INC,MARION,MA,02738-1178
43df7bea-4fa3-304b-a1a5-c309a2967b1b,PCP26422,QUINCY,MA,02169-7522
7fb56fd2-71ad-336a-9204-57765bd1e5d4,PCP26624,HAMPDEN,MA,01036-9535
e3b6c45e-c3d3-3382-b40a-efcfe7383eb4,PCP26794,WESTFORD,MA,01886-3530
94ea55a1-4520-3483-8393-6c49f579161d,PCP27013,LYNN,MA,01901-1115
34805064-d372-324d-b653-d6ac57e4a55a,NEEDHAM WELLESLEY FAMILY MEDICINE PC,WELLESLEY HILLS,MA,02481-2118
212fc6d4-5f90-34e6-a67a-c6f69c9c0417,PCP27141,MEDWAY,MA,02053-1815
12468a38-fbb5-3959-ae6e-68a43a5207d5,PCP27639,CAMBRIDGE,MA,02138-3724
19cbe446-9a91-3340-9772-2eee3a4a1d90,PCP27654,WORCESTER,MA,01609-2505
a3d04652-1fc9-353b-966c-1cfb9d7136f3,PCP28176,MEDFIELD,MA,02052-2900
b173c490-5baf-35ab-aa28-c30ac2c70646,PCP28213,QUINCY,MA,02169-2022
626ac6a6-799e-38db-b942-d21719dfc61e,PCP28308,WELLESLEY,MA,02481-7600
a3f3508a-4ed2-3a9e-8580-0d325e3d3457,STURBRIDGE HUMAN SERVICES INC,FISKDALE,MA,01518-1296
2f00d1cf-c489-345f-9747-16b68f881b70,PCP28434,BROOKLINE,MA,02446-5623
06b674fe-6955-3f39-acbb-8943bc8703ec,PCP28448,MARSHFIELD,MA,02050-1765
00312a4d-df26-32b6-9924-683879cffdc8,PCP28711,BELMONT,MA,02478-2574
feb7bab1-f121-357d-ae80-969798e2655c,PCP28820,BROOKLINE,MA,02445-4256
cded94db-6a8c-3c00-9eca-874e428de7f7,PCP28956,LITTLETON,MA,01460-1279
2c99c7b3-87df-39f4-8394-d3dd1af524c0,PCP29219,BELMONT,MA,02478-4802
751be19f-90e3-3838-a5e4-dd777953ffca,PCP29267,LYNNFIELD,MA,01940-1135
b165f308-d1b5-38a8-9fc8-63091a93f25c,PCP29637,MILTON,MA,02186-4914
22c6b8c5-f2e2-3d8b-8ec4-9eddafe1e56b,PCP29653,GLOUCESTER,MA,01930-6514
4bf8acfd-fec0-350f-ab95-064ffeb59e83,PCP30053,BROOKLINE,MA,02446-3806
ff76282f-7968-39c7-82f9-2d86c93990a6,PCP30512,PAXTON,MA,01612-1120
0900c1a2-5e32-3df6-8961-d25870bbc4a7,PCP30650,CAMBRIDGE,MA,02139
ac06e0ac-ff61-30aa-9a9d-7856c2a6495c,PCP30726,SHEFFIELD,MA,01257-0274
e613f5a1-7588-3efe-8701-fa9baf3241ff,PCP31073,REHOBOTH,MA,02769-2034
6dc4576a-e9ae-3552-8f3f-d28a630c97f6,PCP32000,BELMONT,MA,02478-4054
0154718e-fb2d-3969-bbf8-045641fe7dc9,PCP32178,EASTHAMPTON,MA,01027-1052
b37dbacb-fbfd-350a-861b-2dd23f3c83fc,PCP32238,BROOKLINE,MA,02446-4808
e7be2bea-4a1b-3bac-9874-3b149652461a,PCP32467,LINCOLN,MA,01773-1710
fbccf53b-48a0-3c7e-8941-05f822feca1d,PCP32474,AMHERST,MA,01002-1220
b81ddc7b-030c-3fa7-acf6-4ae14c4a447e,PCP32963,WESTPORT,MA,02790-3427
0cfee501-e8b2-366f-aaed-72911a8c9aae,PCP33028,ANDOVER,MA,01810-3700
b1516ff8-952b-3f90-a485-e43e29cbf469,PCP33041,SOUTHBORO,MA,01772-1614
e876a3ad-58b1-3a77-83fa-dba55f82c01d,PCP33049,MATTAPOISETT,MA,02739-2626
80a83701-6fab-3811-8448-65809f8fae7c,PCP33402,EASTHAMPTON,MA,01027-1419
c8237a24-4ce9-3ecb-8b16-fb6459c8bc7a,PCP33589,MARBLEHEAD,MA,01945-2329
301d5907-62a2-32bf-94c9-0db2811289cf,PCP33764,NEEDHAM,MA,02492-2520
ef831c39-d039-3c01-8791-2c0344a389a8,PCP34056,DUXBURY,MA,02332-5028
266f0172-9a04-3eca-9102-72702a2afff4,PCP34346,BRIGHTON,MA,02135-2905
5c8e0ace-7702-3ba5-b4ed-81763272a2ba,PCP34722,BELMONT,MA,02478-5023
6ccb2ecf-9547-38e7-8c26-ca43a891df53,PCP34724,CAMBRIDGE,MA,02138-5665
47a48a73-79df-32e6-8596-dfd44f2279e9,PCP34730,BRIDGEWATER,MA,02324-3152
d3a1a143-6c5c-38fb-bfb5-fb60d2fd1198,PCP34941,LOWELL,MA,01854-3548
0d6269d7-d51a-3bf5-ba28-ad4090e2a88f,ORTHOPEDIC TRAUMA P.C.,MILTON,MA,02186-3874
0f0b00f3-4ad6-3852-b2e1-9195dbff8843,VANTAGE SPORTS AND REHAB  LLC,PALMER,MA,01069-1232
e2c63b97-bebc-31b1-ac8b-72ace3547669,BILLERICA CHIROPRACTIC OFFICE P.C.,BILLERICA,MA,01821-1023
78e33fa6-7b7b-3e06-a0ad-1287b3e05a53,PCP35508,WOBURN,MA,01801-2012
31de0e39-9682-38e8-8141-57854071efca,PCP35738,BELMONT,MA,02478-4457
5e2e79df-a14a-3119-ad13-3250b291d079,ENT SURGERY ASSOCIATES LLC,CAMBRIDGE,MA,02138-1040
fa49fc8d-ba48-3c45-89b7-ac0fb597bbe8,PCP36132,WRENTHAM,MA,02093-1223
9a29c81a-8036-3cab-a1a9-bcc489911c38,PCP36628,WINCHESTER,MA,01890-3434
d89a8f94-0755-3988-a0d4-64bb37fd705c,PCP36966,SHELBURNE FLS,MA,01370-1036
89d082fb-111c-335d-8d32-b12514b87b6a,PCP37268,HADLEY,MA,01035-9595
28116bd7-a744-3fde-a773-fd157dec3b8e,PCP37438,NORTH ANDOVER,MA,01845-2840
3a8fa4ca-d3b1-3e18-8ea7-f00375ef6cae,PCP37941,WALTHAM,MA,02453-2717
65f6b1f8-b62f-38c3-91d0-6407eebe5018,PCP38075,HADLEY,MA,01035-9529
daad70f0-5913-38ff-af69-3e160a44b949,PCP38272,DRACUT,MA,01826-1929
159f077a-8598-357d-99e1-0b32412cd0fd,PCP38793,MILTON,MA,02186-3877
f345af4f-408c-39b9-a1c2-8a4e279b95a7,PCP39308,STOUGHTON,MA,02072-2571
819507f6-772a-3a2c-ac1d-d6b806531744,PCP39516,E WAREHAM,MA,02538-1354
c6fe2b4a-f184-3c12-9d41-e5170bade8d6,LEGACY FOOT AND ANKLE SPECIALISTS,CAMBRIDGE,MA,02138-1040
f7abeb22-2b95-34af-9439-27b8ea1cae83,PCP39827,LEXINGTON,MA,02420-4000
06c76384-ce24-3fb6-bcb5-b9598c32e8de,PCP41344,HOLYOKE,MA,01040-5370
42c76589-92ec-356a-8599-89397f00f6fb,PCP41907,EASTHAMPTON,MA,01027-4100
b76d86f7-5e55-3d50-b910-2491c1a39d6a,PCP41983,SCITUATE,MA,02066-4533
4275b879-db32-3e45-9bc3-eb47f70e3f1d,MOBILE MEDICAL GROUP MA PC,LAKEVILLE,MA,02347-1370
637e6816-f8ff-3e5a-9b69-bd9f7cc56ab5,PCP42922,QUINCY,MA,02169-0908
188537ad-f726-37c2-bcb1-b91c39d40de3,PCP43350,LONGMEADOW,MA,01106-1769
99b48a5d-5659-30c3-883c-56f603e6f196,APPLETON EYE ASSOCIATES PC,AMESBURY,MA,01913-2823
00b14d27-ca1c-33b6-ab79-b636bf184d1a,PCP44286,MENDON,MA,01756-1090
f60d122d-af1c-3d1c-a013-f84d8a8679a8,PCP44430,MARION,MA,02738-1166
8a31a7a3-30cb-3cd9-8baa-025cae6f4e4c,PCP44938,SHARON,MA,02067-1920
80ea88c5-1c0c-32d9-9fc5-f53bac050baa,PCP45035,W SPRINGFIELD,MA,01089-2742
359e389c-56a9-3207-8a8a-b4876a4bfeb6,PCP45308,TAUNTON,MA,02780-3251
d8cc6aac-9258-346b-83e6-7a5e49bc2a60,PCP46601,WALPOLE,MA,02081-2553
223bac2e-df65-32f8-ab52-a8b064c00f15,PCP46659,WESTPORT,MA,02790-4100
6c2013b7-77eb-32f4-9972-7453fe220466,PCP46725,NORWOOD,MA,02062-3315
f34ed325-cb86-3ac3-ae08-6febb2cbd26f,PCP47573,DEDHAM,MA,02026-6817
57af70ba-946b-3109-89a8-82481c300705,COMPREHENSIVE PHYSICAL THERAPY  PC,LEICESTER,MA,01524-1313
afbcb709-9e27-302a-bfe7-b9d7e6872267,HEALTH INDEPENDENT PROVIDERS INC,LAWRENCE,MA,01841
08ea9944-dc3a-39c6-8d79-bdca0c94746e,SOUTHEAST REHABILITATION ASSOCIATES  P.C.,NORTH DARTMOUTH,MA,02747-3729
d4e4e2cd-c929-3607-abd6-ba4e16d2097a,PCP48748,CAMBRIDGE,MA,02139-3071
de5903f8-3276-375f-8488-2ac9b0fe28c7,PCP51609,RAYNHAM,MA,02767-1973
bba13c6a-577a-3c8c-9bff-c4e2a1655d07,GEORGE SVAJIAN PH D AND ASSOCIATES INC,RAYNHAM,MA,02767-1973
3bdd7318-5a9c-3ecf-ba3e-7163a602bdf4,PCP53831,WESTPORT,MA,02790-5031
703674b2-fc4a-32a4-899e-a58c00af3ffd,PSYCHIATRIC ASSOCIATES OF MALDEN  P.C.,MALDEN,MA,02148-3900
54c733e3-c0ec-3003-aaf8-0e5675ac6894,PCP54814,HOPKINTON,MA,01748-1516
f559b8ea-5718-3dfc-ba9e-c6e0f84b3aa8,PCP55764,AYER,MA,01432-1177
6581392f-f0ae-34ae-a479-f66c20ece551,PCP56274,BEDFORD,MA,01730-1424
1a7f5263-8fb4-3a32-8745-85a9f12d66bc,PCP56490,READING,MA,01867-3611
5d6e3168-eea5-3184-a442-bf114b39f29b,PCP56543,AMESBURY,MA,01913-1831
f93e59e2-c0e4-3118-a1c2-3234c6dde120,CHARIS CENTER SOUTH  INC.,EASTON,MA,02334
dfee549c-64ff-3b59-9215-0321df1cf40f,ORTHO SPORT PHYSICAL THERAPY INC,EAST BRIDGEWATER,MA,02333-1215
73288f92-dc03-37c3-9020-b1a8ba81da0a,PCP57396,UPTON,MA,01568-1576
b0c10db6-0961-3327-98c1-ec76e3602c60,FITZGERALD AND THEOHARIDIS PC,S YARMOUTH,MA,02664-1863
6909b0b6-1423-3aee-b9c9-c089fbfe26fb,PCP58043,STONEHAM,MA,02180-1251
7c2ca218-6216-3fba-a44f-d91e291ac173,PCP58326,GREENFIELD,MA,01301-3599
214935b6-3ba3-31a9-9d96-56095ee9654a,PCP58532,SOMERVILLE,MA,02144-2530
0c2ebd4f-fe13-37a8-8e58-8496d000eb76,CENTER FOR ORTHOPEDIC REHABILITATION INC,SANDWICH,MA,02563-3012
c962cb5b-e9dd-3abb-b42a-aac2fb498f27,STEVEN I. KORNBLEUTH,MELROSE,MA,02176-2710
a3b850f7-4b96-35a3-851f-9073e10671a0,PCP60163,NORWELL,MA,02061-1729
fa340249-2990-3217-9d24-d69a3c55b349,PCP60243,SHELBURNE FALLS,MA,01370-9705
a0e774d7-0569-3995-9245-5b99c3f73daf,PCP61076,CAMBRIDGE,MA,02138-1336
9473c85d-4979-35a3-bf0f-58a99b1f8d23,YARMOUTH MEDICAL CENTER  LLC,SOUTH YARMOUTH,MA,02664-1238
8ec3c125-a4ac-3872-9307-91817e2979e7,OPTOMEYES HEALTH PC,DARTMOUTH,MA,02747-1242
8383a576-10a5-37f6-9707-3c88bf1c9b9a,PCP64932,LEXINGTON,MA,02420-4320
f5c2ed46-d994-33c7-bc9e-c723b8ad24a0,PCP65005,REVERE,MA,02151-3200
0550ebd4-1fd6-3068-a3c9-e6cbfe2ea146,PCP65148,PEMBROKE,MA,02359-2514
9a6ddcfe-fa78-3033-92f3-bfe30afe0845,PCP65206,BROOKLINE,MA,02446-6439
61b47b41-0b19-3bc0-99d3-b58924900135,PCP65277,EASTHAM,MA,02642
6c993ad4-f4e5-3689-8458-3f8ba95283d7,PCP65395,LEXINGTON,MA,02421-5222
aceabb62-e1a4-37da-841e-19ec59436fd2,SANPHY PODIATRY GROUP  INC.,LYNN,MA,01902-3315
52e8e01a-31f8-3c1a-bb3c-783c917e9a99,PCP66077,BELMONT,MA,02478-1064
8e662a33-d8ee-3fbf-9c2f-9cfdf393cb93,PCP66387,NORTHAMPTON,MA,01060-3479
e1dd252d-d33c-3a78-9a47-54bbd24ecb67,K FRANCIS LEE MD PC,SPRINGFIELD,MA,01107-1145
c6a327fe-5ddd-36b0-a4e0-8c0e358f4d9c,PCP66537,DORCHESTER,MA,02122-2921
5db9c918-9e4d-38bb-a94c-2c031fcb6fb0,CRABBE CHIROPRACTIC  INC,ACUSHNET,MA,02743-2772
61319efd-e5f0-3906-b925-328678f48c5b,PCP66618,LYNN,MA,01901-1050
5299f972-1486-3d32-8a58-3456066e2bdf,PCP66739,CAMBRIDGE,MA,02139-1839
69709c36-f1c4-34fe-b5c8-0d9a5eda5d75,PCP67309,WABAN,MA,02468-1722
04b0900a-2ae4-3360-b9a5-1b3eb2bdd8a2,PCP67456,PELHAM,MA,01002-9766
71eb37ec-c5d2-3811-b4a4-833a12704462,CHARLES M COLLINS MD LTD,SWANSEA,MA,02777-4114
c1414e2c-48df-3428-92a4-ac36114a2a45,ORTHOPEDIC AND SPORTS PHYSICAL THERAPY OF CAPE COD LLC,EAST HARWICH,MA,02645-1316
54f5a32c-aa15-36b7-bab5-cb7540869590,PCP67651,BROOKLINE,MA,02446-2772
1cc34d61-b250-3437-ace1-9a8ea4523eb6,PCP67662,STOUGHTON,MA,02072-3396
e5ec9cfd-a9f4-3ae8-bd09-387586f21eaf,CHIROPRACTIC HEALTH CENTER LLP,WHITINSVILLE,MA,01588-2125
a534ae51-33ef-3930-830e-5bf06c15594c,PLEASANT VALLEY INTERNISTS PC,METHUEN,MA,01844-4547
58fe1815-1e8a-38ed-a91a-17d4ef18c8d8,PCP68975,ASHLAND,MA,01721-2115
935fc47d-45de-380c-a42c-3f3cac84744f,PCP69056,YARMOUTH PORT,MA,02675-2171
aba5ea9a-2f37-37e1-8315-87e720f702e1,PCP69286,WEYMOUTH,MA,02188-1704
a900d50b-71a9-377d-9aec-3a8f84bd2de9,PCP69376,LOWELL,MA,01852-1915
b96b54b3-7d8d-3077-aa48-3ceea6fe6d99,SOUTH SHORE SPORTS AND MUSCULAR THERAPY  INC.,QUINCY,MA,02169-0907
9e0ab3c4-6a7a-36bc-b190-7ab958f01774,PCP70214,BURLINGTON,MA,01803-3741
d6285fcc-e90f-3c92-bcc2-e17bcc40935f,ROBERT F KELLIHER MD,WALPOLE,MA,02081-2954
0ea7ecd8-bfa7-346b-9c59-f85cd15618bd,PCP70815,CHELMSFORD,MA,01824-3046
8cd3f2d3-de14-32c6-8ca6-3c92915bc860,PCP71855,EAST LONGMEADOW,MA,01028-3119
e9737a9f-08f2-3517-b317-f4f359849230,PCP72127,SOUTH DEERFIELD,MA,01373-9752
363e8d5d-0430-3d82-b469-508677d077fa,PCP72155,SOMERVILLE,MA,02144-2919
0bdf4a19-6491-3b38-8d17-459c379c9d5a,PCP72336,ROCKLAND,MA,02370-1067
df5a72fa-fb57-3a95-b115-665b3e2f0aa3,PCP72587,SHREWSBURY,MA,01545-3601
14bf92bb-7bf3-351b-8bd4-c2bc05eb8932,PCP73221,WESTON,MA,02493-1161
9604cfb0-e35b-3b6a-a4de-c3c6efdf47eb,PCP73302,FITCHBURG,MA,01420-5370
8a9d5b41-81ca-33b4-af24-d5ecf7583be4,PCP73856,WESTFIELD,MA,01085-3554
47daa3df-3877-3c51-916b-d6650d378c50,PCP74713,YARMOUTH PORT,MA,02675-1843
12ace70e-91ed-35c1-a943-afb8f4976c0e,PCP74715,SALEM,MA,01970-2141
901b8ebe-f338-3aa4-8cce-5fe855e466c2,PCP74870,LONGMEADOW,MA,01106-1760
059a3a8a-2025-38e9-ae56-b6449adbd753,LC HOLBROOK  INC.,STOUGHTON,MA,02072-1530
4cb17abf-8742-3ee7-a704-80e14d589049,RETINA CONSULTANTS OF WORCESTER PC,LEOMINSTER,MA,01453-2238
784f7070-3603-3051-b960-8ec5b78b0e71,BOSTON SPORTS MEDICINE INC,SOMERVILLE,MA,02144-2950
25aa4b67-e34a-350b-aa84-1e31388dcabb,ASSOCIATES OF SOUTH SHORE DERMATOLOGY LLC,MILTON,MA,02186-3926
943b5d2a-5ed8-3cf7-bd80-656578aa1544,BOSTON SPORTS MEDICINE INC,MARBLEHEAD,MA,01945-1576
fb28cf4c-955b-32c7-906e-4b9ad6f5678a,LC HOLBROOK  INC.,HOLBROOK,MA,02343-1111
4280a520-966f-3a69-8f11-b1cd1079f1a9,PCP80065,SOMERVILLE,MA,02145-3811
96a4bbba-d12a-367e-b635-a7df9440999b,PCP80251,DARTMOUTH,MA,02747-3319
d9aed10c-3655-3a5f-8727-ddb14d964cf0,PCP80782,NORTON,MA,02766-2100
ae14cb98-56a5-3fb9-bc6f-d3d9949e958c,PCP80958,HARWICH PORT,MA,02646-1324
0507f525-c041-34d0-b731-f39f2b7239c0,PCP83022,NORTHFIELD,MA,01360-9668
3b5067a8-36ad-367c-b73e-2b6220a5f290,PCP83090,SOMERVILLE,MA,02144-2758
9c38597b-9549-3a65-86c5-860c4da55416,BERKSHIRE EAR  NOSE  THROAT AND AUDIOLOGICAL ASSOCIATES  P.C.,NORTH ADAMS,MA,01247-2566
7f6341b2-3ab4-37ae-b833-afe966d59f0b,LEADER EYE ASSOCIATES INC,ROWLEY,MA,01969-1754
ba301273-7799-3ab0-a3dc-3a82f2976996,FAMILY PRACTICE GROUP PC,ARLINGTON,MA,02476-4812
909a0f76-d1bc-3354-a883-82d002a29123,LYNNFIELD PSYCHOLOGICAL ASSOCIATES  PC,LYNNFIELD,MA,01940-2514
9dd6b488-2cc9-3383-a460-09a6523ce78c,WESTON PRIMARY CARE  PC,WESTON,MA,02493-1568
c5b7a5d1-49d5-3043-8052-33c7752205f8,VALLEY PODIATRY ASSOCIATES PC,SOUTH HADLEY,MA,01075-3000
ea04cb4f-a20f-3ae3-a938-79a5ffb2cc86,PCP90191,REVERE,MA,02151-3211
cc6052ce-f62f-373b-a41b-3391c6380d42,PCP90763,RAYNHAM,MA,02767-5512
e7e7988e-fe55-37a3-b30a-319750935576,PCP90833,MIDDLEBORO,MA,02346-1462
ae0aabc7-f4e2-3ead-9017-53c0f05ab7ad,PCP91224,CAMBRIDGE,MA,02138-1040
c7aa0e46-5ba7-31a2-8c89-a6080f4a0b69,PCP91229,DEDHAM,MA,02026-4530
187674f4-8252-314f-a97c-d80acf51d977,PCP92449,HAMPDEN,MA,01036-9552
87f6941d-90f6-3c1d-b443-4038458cf8d7,PLATINUM PHYSICAL THERAPY  INC.,ASHLAND,MA,01721-1464
d93d9c2a-5017-3d3f-a05d-4daf23bcf3a8,NEW ENGLAND HAND ASSOCIATES P C,MILFORD,MA,01757-1750
66745ade-e31f-39c0-8f61-f93f8419465b,MARK ROMANOWSKY MD PC,LOWELL,MA,01852-1317
f9d686d4-0133-30a3-ab72-80c9e93921f4,PCP95496,HOLBROOK,MA,02343-1111
c0dab828-5db5-3e9f-8529-cf7dd1d1ed33,PCP95658,CHELSEA,MA,02150-2326
a0c4098e-a8bd-3eee-a82a-3e72b621ff70,PCP96205,SWAMPSCOTT,MA,01907-1835
5be1c847-bf4c-3f57-a0fb-57ea06b4ee9c,PCP97011,MIDDLETON,MA,01949-2209
d141d0e1-558a-317e-9bae-6c1f1122f9d5,PCP97080,PLAINVILLE,MA,02762-2271
5831f9cb-f38a-3538-91f3-b13f7e878e35,STURDY MEMORIAL HOSPITAL INC,ATTLEBORO,MA,02703-0963
2cec517a-bc09-335a-a623-44404cd50356,PCP98121,LYNN,MA,01902-5001
f50505f7-5a79-34ce-97ed-4588ae61339e,PCP100246,GREENFIELD,MA,01301-2001
9265b9e0-9d1d-3b31-ba11-432886a3f892,PCP100846,SHREWSBURY,MA,01545-2932
70397bc9-1f2c-36a3-b38e-e8c63713c138,NEWTON-WELLESLEY UROLOGY  PC,NEWTON,MA,02462-1650
45e3dc42-f06c-3d8f-82eb-9295d72c5f17,PCP103995,SPRINGFIELD,MA,01107-1272
1977f8c2-6ece-3f46-8c60-b5961bb867a9,PCP104777,QUINCY,MA,02169-4073
2a4518d8-7014-3404-b2e9-1c30c76b6a12,OUTBACK PHYSICAL THERAPY  INC.,SOMERVILLE,MA,02143-1650
99157068-4f0d-3906-8723-d8b7fda349f5,PCP107381,DRACUT,MA,01826-3324
4efb4d4a-24b3-3a91-a868-34556b4fd48f,SYNERGY HEALTHCARE CORP,FAIRHAVEN,MA,02719-4013
53ea9af5-720e-39f5-a6f3-0d886b4d4570,DELUGAN  THURM AND ASSOCIATES OD PC,BRAINTREE,MA,02184-2410
c08cb75a-968e-36f7-bd5d-6ab7ee2d3400,DERMATOLOGY ASSOCIATES PC,FOXBORO,MA,02035-1472
67f862f0-9a48-3bf8-a95b-cde4979ae062,PCP112182,SAUGUS,MA,01906-3143
251b553d-8815-30b0-8abc-e4360a958baf,PCP113191,MEDFORD,MA,02155-5066
f3c92c5a-a2a0-34fe-8d67-793ac6df4b9b,PCP113521,BOSTON,MA,02131-1000
d9242200-7588-3df0-8ff0-61a45b07c487,PCP114043,ACUSHNET,MA,02743-2750
630fd121-46d1-30e7-8a66-d5c08d43ec93,PCP114518,ARLINGTON,MA,02476-4738
b96d72a6-2414-3527-9421-a4b40d4b721d,SOUTH SHORE INTERNAL MEDICINE ASSOCIATES INC.,MILTON,MA,02186-3881
3580b164-4e83-307a-a5db-ca8085101d58,PCP115032,STONEHAM,MA,02180-2416
9a6b5abc-68be-3ee9-a7d4-52f615318596,HIGHLAND SURGICAL ASSOCIATES LLC,MILTON,MA,02186-3801
df307868-cb89-31d5-8894-1ddbc7f7fbda,PCP118039,STOW,MA,01775-1190
03b9694a-0380-3bb4-9878-4b260179ef63,PCP119133,DEDHAM,MA,02026-6704
4fef7da2-d425-37a0-a7fc-4ed10f6afc68,BROADWAY PHYSICAL THERAPY  INC.,REVERE,MA,02151-1234
0a572805-ad5e-3d69-afb6-d0e3f43bc3ff,PCP123493,AMHERST,MA,01002-3379
fb10e721-8a1f-38a9-881b-665feabd8832,PCP123934,SWANSEA,MA,02777-4102
3426fe3e-287b-367e-a7d6-3e15d813a736,PCP125534,WOBURN,MA,01801-7232
ae072d0e-0be7-3627-ad1e-8be87110de63,PCP126432,BEDFORD,MA,01730-2208
586a18da-302b-3bd7-821b-3acffd3a9025,PCP127395,WELLESLEY HILLS,MA,02481-2154
4aab2639-bfd2-3987-b372-c54395f7c0ae,PCP128124,ARLINGTON,MA,02474-8620
e9e2998f-97d3-3f88-8ee8-82660c5ddfce,PCP128586,W WAREHAM,MA,02576-1208
5fa45852-0951-3485-89a2-f02eb34e37b8,PCP128639,FRAMINGHAM,MA,01702-8315
83188445-c098-3b9d-8223-ef07041c1985,PCP129635,CHELMSFORD,MA,01824-1737
3fe0fb59-f52b-3323-8fea-d05ccb31a177,PCP129774,REVERE,MA,02151-1018
62b534eb-cbbc-3c46-9f95-ef4c35a6b359,PCP130952,MASHPEE,MA,02649-6410
4afe828b-d23e-3b89-afa4-f2fa00720415,PCP131717,LANESBOROUGH,MA,01237-9524
a753da29-339c-3004-8a03-fe9b98c04d80,PCP133043,WINCHESTER,MA,01890-2846
3855e60a-fd39-3d7e-a6cb-52d8bf126ca4,NORFOLK CENTER FOR CANCER CARE AND HEMATOLOGY PC,BROCKTON,MA,02301-3039
586d90ae-7754-30c2-996b-9e62e75227d3,PCP136067,NORTH BROOKFIELD,MA,01535-1400
5f5140f3-df3b-3af2-bc42-a671fc6a5a28,PCP137171,ROCKLAND,MA,02370-2123
92377c0c-4047-35a0-86dc-870e614099ea,PCP137290,PEPPERELL,MA,01463-1504
3f06d7e9-6aed-3ebd-a9af-0302405f7b62,PCP138718,FALL RIVER,MA,02720-1318
ee643956-0707-3655-8c92-eaed0ec0fb12,PCP139674,SOMERSET,MA,02726-2840
1ba2e1f6-bba6-3b63-911e-ee8b83730080,PCP140753,MEDFORD,MA,02155-4530
bf24f5a7-6c7e-3e72-b31d-aca37d5fca33,PCP141874,FRANKLIN,MA,02038-1855
1cf35b8c-ec81-3f61-b821-3b9bd05656ab,PCP141914,DOUGLAS,MA,01516-2160
f061dcc1-593a-3820-b7e5-797a00bb86e7,PCP143150,SOUTHBRIDGE,MA,01550-2524
82f99b8f-2ecb-3210-8ae5-05b32c1b41c7,PCP144466,WARE,MA,01082-1082
4f7b8ea3-b4d8-35ae-bc69-fb8e37dd1f9d,UROLOGY PRACTICE ASSOCIATES INC,BOSTON,MA,02130-3446
8f0c35f7-110c-3529-93bf-d2f1da436200,PCP145469,AGAWAM,MA,01001-1804
ae9c5def-3186-3c7e-9474-0e2bbc76500a,PCP147534,SOMERVILLE,MA,02143-3032
eacfe818-821c-3b22-a0a1-284af488f488,PCP148278,BROCKTON,MA,02301-1810
2f7b9ef0-678a-39ff-8d84-810eb53200c0,PCP148617,WEST SPRINGFIELD,MA,01089-2700
c2d06e8d-9244-32d8-a3f4-7a9a3174e833,PCP148905,PEMBROKE,MA,02359-1960
2cfd240e-3280-34b6-96cc-daf60ad5d14f,PCP148963,AVON,MA,02322-1413
ec4d78b1-5947-3274-ab29-1a733fa41970,PCP149317,WESTBORO,MA,01581-2657
f842c306-8746-31a4-a740-817ff64d755b,PCP149840,WRENTHAM,MA,02093-1349
463296bc-5a7c-3412-b888-eec038ac8e1b,PCP149962,SOMERSET,MA,02726-1211
b84fd170-71a9-3989-bb5b-b0810f6f5410,PCP150237,LANCASTER,MA,01523-2227
d877ae2b-1320-3f54-a507-60cf1c5d5c33,PCP151213,LAWRENCE,MA,01840-1410
addb7e46-903a-307e-8c93-211a08d567e8,PCP151844,BALDWINVILLE,MA,01436-1330
150d4bec-d11c-3014-8818-45127743725d,PCP155636,BERKLEY,MA,02779-1924
cbe82dc8-6dbb-3748-9472-6482b7c0f1b2,PCP156405,WAYLAND,MA,01778-1888
a0cd0d7d-bedf-3eb2-8bc2-6499e5452043,PCP156968,WINCHESTER,MA,01890-2039
186b4ff0-7e03-3cc8-ab9a-de3d9c758a10,PCP157812,MILTON,MA,02186-3881
5706c92d-4ff2-3c9e-a7bd-87efabbb9e1d,PCP158806,DRACUT,MA,01826-4068
bc43d0e3-1e93-3129-b411-b4e6cfc45024,PCP160433,SALEM,MA,01970-4721
e47f45c5-4046-3f5c-a384-4b2be04177b6,PCP160672,CAMBRIDGE,MA,02138-1048
d67076df-aafc-3cec-9060-f87af7bb8c49,EVERETT FOOT CARE PC,EVERETT,MA,02149-3614
5871fd9b-ad9a-34fc-9f2c-cf4af914bece,PCP161579,METHUEN,MA,01844-5883
9cb9c46d-64f4-3f51-9cbb-f16b27e8b771,PCP161804,CHICOPEE,MA,01013-2624
39f0d0e7-798c-39cb-b2d3-73f6cb7dfed4,PCP162430,SALEM,MA,01970-5137
95fc9ceb-0603-32ef-96f5-2879bcf795d4,PCP162516,TEATICKET,MA,02536-5659
8762f034-a7b3-3a6e-8344-3fbf39f57d0c,PCP162730,HAVERHILL,MA,01830-6700
43118573-48f9-3d27-b5d8-3089535539fb,PCP165213,RANDOLPH,MA,02368-4821
cbcf434c-8bc4-3a2c-bd93-43cccfc787a1,PCP165297,BROOKLINE,MA,02446-6427
f3b73817-43cb-3762-8353-bcfb64aa9b10,PCP166078,AVON,MA,02322-1149
8434f552-e0a0-36bd-880b-f1ebb4cdf1af,PCP166957,DANVERS,MA,01923-2137
448ad6f9-2331-38dc-ab08-ae3c8523f143,PCP167138,SWAMPSCOTT,MA,01907-1333
24bcfc89-997e-3a62-a6c3-83ed31af8901,PCP167180,SOMERVILLE,MA,02143-4508
3c8b233a-6c05-3357-b6e0-97306efcf971,PCP167629,RUTLAND,MA,01543-1527
18c9efe7-ec0e-3c35-b58d-738000e2036e,PCP167800,UXBRIDGE,MA,01569-3134
772b7fd3-c914-362f-974b-8f6301620b1a,PCP167881,BELMONT,MA,02478-2125
75bc27b3-2841-3c4f-9069-13bed81bfa6c,PCP168395,WHATELY,MA,01093
aab10ef0-26bc-3c95-a668-82bc87494cd1,ADULT AND PEDIATRIC DERMATOLOGY  P.C.,WESTFORD,MA,01886-3149
c21ec1c3-0a39-3a6f-9a58-7a9ef6674fec,PCP170543,MILLIS,MA,02054-1611
721db17d-064d-3781-a57f-84525b1bbd66,NORTH SHORE COMMUNITY HEALTH INC,PEABODY,MA,01960-8925
c13aae5c-3443-371c-a343-60f2c46d6852,PCP171808,DENNIS PORT,MA,02639-1334
4409c5e7-33d9-3c5a-83f6-28da324a5f22,GASTROINTESTINAL SPECIALISTS  LLC,EAST BRIDGEWATER,MA,02333-1466
868e18c1-c034-3b51-a050-3fe9bf3321aa,MELROSE INTERNAL MEDICINE ASSOC PC,MELROSE,MA,02176-3201
7638b2b1-dbae-3cf5-bd72-676b736b7c87,STREFF ASSOCIATES  LLC,STOW,MA,01775-1189
e0ca0c69-8ba4-35e5-aa72-ea06997ed383,HILLTOWN COMMUNITY HEALTH CENTERS INC,WORTHINGTON,MA,01098
dea603e3-1eca-34ac-a7b9-566138fc878b,GATEWAY PHYSICAL THERAPY AND WELLNESS CORP,LEE,MA,01238-9612
32abbd7e-d140-3002-a3d1-d2da53ac96f4,PCP174035,LONGMEADOW,MA,01106-1769
620d4a8a-ef3b-30c4-9c58-a409e8f3b7f1,POSTUM EYE CARE INC,BELLINGHAM,MA,02019-9998
3e24a769-4555-3eec-a674-9df5bc4d1a62,PCP176462,WORCESTER,MA,01605-3936
29769c4a-4330-3209-b546-1e1f12c7adc5,EYE CARE SPECIALISTS PC,NORFOLK,MA,02056-1642
996b1ab0-8de6-3ac5-add1-5d5e35d9c4df,PULMONARY ASSOCIATES OF METROWEST  P.C.,NATICK,MA,01760-7700
e3bb9270-05bd-386d-8db2-d4616822f71f,ALLERGY AND ASTHMA PHYSICIANS PC,MEDFORD,MA,02155-4770
35763b90-63ab-3c6a-895a-8c83bfa6bd3c,PCP178557,NORFOLK,MA,02056-1322
f02902d7-aafe-3630-9022-988251e1e390,PCP178844,SOMERVILLE,MA,02144-2017
c76749c0-abc6-3be7-849d-aa6e1b406bbd,PCP183080,GREAT BARRINGTON,MA,01230-1608
4fa341c0-f4cd-3d61-9216-d4e26bf3cf8d,PCP183126,CHICOPEE,MA,01020-3958
57ddf4b4-b773-30f6-a5f0-89cdc531a236,PATHOLOGY ASSOCIATES OF LOWELL PC,LOWELL,MA,01854-2134
5ca73155-77c9-374f-b026-50187fb6ffa8,FIRST CHOICE COMMUNITY MEDICAL SERVICES PC,BOXFORD,MA,01921-1017
0b9f51ba-1e28-3875-b558-a0e49e44d75a,PCP185450,SWAMPSCOTT,MA,01907-1442
f576aee3-a640-3b72-85de-0294c44bf0e4,PCP185525,CONCORD,MA,01742-3837
4bac2e3e-0bdd-3916-b5a8-f175fa5c80d1,BROCKTON AREA MULTI-SERVICES  INC.,WHITMAN,MA,02382-1820
2af22601-e642-38dd-b032-22e0947f6b1e,PCP187044,NORTON,MA,02766-1243
2db6f757-75bf-3b47-ade1-7f4ab21d2c39,PCP187185,DRACUT,MA,01826-2754
242e5bbe-87a7-3a15-8847-8ff68aba0c09,DALTON MEDICAL ASSOCIATES  LLP,DALTON,MA,01226-1202
7d9a761a-16b9-3a4d-83dd-d56b9b645ef7,PCP187919,SOUTH WEYMOUTH,MA,02190-1614
d9ab307c-cca9-3408-813f-ff8a866a331f,NEW ENGLAND INPATIENT SPECIALIST LLC,METHUEN,MA,01844-4597
0851e08f-10d9-34de-a8b0-b6fe1bc381f2,PCP192079,MARSTONS MILLS,MA,02648-1760
f16771c3-19f5-3f28-a4cd-ebf7471a4bee,PCP192345,NORTH ADAMS,MA,01247-3712
1a3625e3-aae0-305c-ae4b-ed26eaefa2b6,PCP193461,EAST BOSTON,MA,02128-1134
1eb446a7-1770-3d2c-9608-b14e4173c6c0,FCP  INC,LAWRENCE,MA,01843-1764
7d13ab80-118e-33a9-b1fb-c4328286017d,PCP193900,YARMOUTH PORT,MA,02675-1535
969ab2f0-61ec-3c39-96e2-6abaa4a7e48a,PCP194119,BROCKTON,MA,02302-3302
c71def3c-1b05-32c4-8348-e6443e820178,LOWELL GENERAL INPATIENT SPECIALISTS PLLC,LOWELL,MA,01852-1311
2e45f375-22c5-3175-a63d-a3c1a0a1a162,VK NEW ENGLAND MANAGEMENT LLC,PEABODY,MA,01960-2907
51597279-be2d-3b01-b6eb-107f7bb217b5,NEW HORIZONS MEDICAL   P.C.,BROOKLINE,MA,02446-3806
8cc167e3-b9df-3a7b-9ec3-5f2e4c064910,TEAMWORK PHYSICAL THERAPY INC,DARTMOUTH,MA,02747-3717
e431e336-f278-31c6-bf0a-20831f164904,PCP196709,NORTH ANDOVER,MA,01845-1651
e3589374-6bee-3d87-9da7-41d467537ccc,HALLMARK IMAGING ASSOCIATES  PC,MEDFORD,MA,02155-1643
812f8ee9-ff72-3836-8106-25b473039db9,TEAMWORK PHYSICAL THERAPY INC,MIDDLEBORO,MA,02346-1859
84ac4b3e-d22a-3dc3-8cff-8ef9da2d2905,TRISTAN MEDICAL PC,NORTON,MA,02766-1243
1e7b774c-6254-3dac-a1fe-485cb98112fc,SO SHORE CARDIOLOGY PC,SOUTH WEYMOUTH,MA,02190-2427
bbfbed2d-7be4-36d7-be7a-a4d488c5a9c7,VK NEW ENGLAND MANAGEMENT LLC,LAWRENCE,MA,01840-1411
4843461d-4b7b-37fb-9631-d4d7760afa1b,PCP199148,LANCASTER,MA,01523-2056
2d01da4e-2ffa-383a-99b9-ca54e10a8ef3,DERMCARE PHYSICIANS AND SURGEONS  LLC,CHELMSFORD,MA,01824-2712
79c6c281-a87d-3ffa-b056-d3ba26dc5ef0,PCP200570,PEABODY,MA,01960-4960
32681066-5aa8-3795-8f12-5f1148f80871,PCP201144,BEDFORD,MA,01730-2715
8e41e270-638d-36d9-a88b-6b6b548a1d5d,HALLMARK IMAGING ASSOCIATES  PC,MELROSE,MA,02176-3201
7afd6eee-3c9e-3bbb-8d14-2349a1024d76,NORTHEAST EYE CARE INC,EVERETT,MA,02149-3603
2c807f08-efc8-3a89-9438-8738f2bd4b09,MERRIMACK MEDICAL AND WALK IN CENTER  LLC,LAWRENCE,MA,01841-2310
afa1ad85-13d0-351d-8ab2-e4b66f5fe1c4,PCP202067,AMHERST,MA,01002-1741
494c2f52-0328-301e-9555-694b326f87a6,HEALTHCARE SOUTH PC,SCITUATE,MA,02066-4533
db96a567-7b2f-39cc-8235-834b92058327,FRANKLIN EYE CARE ASSOCIATES LLC,GREENFIELD,MA,01301-2025
d8726819-9f80-3b79-9781-2062e89f29df,INDEPENDENT EYE CARE INC,BEVERLY,MA,01915-2515
12f7f24c-feea-331a-acf1-e91e2c33ac6b,CHARLES RIVER MEDICAL ASSOCIATES  PC,FRAMINGHAM,MA,01702-5316
fd6fc870-8a26-38bf-8328-b8aa484989ed,EDINBURG CENTER INC,BEDFORD,MA,01730-1406
6862c19c-eaed-3291-aacb-c15fc4e6d9b1,PCP209060,LYNNFIELD,MA,01940-2218
e7961bfc-a7b5-3dcd-825e-7b0b8d910aa8,CHARLES RIVER MEDICAL ASSOCIATES  PC,NATICK,MA,01760-7700
478961ba-31a9-39eb-9d91-1a035372c1bb,GLOBAL CARE MEDICAL GROUP PC,TEWKSBURY,MA,01876-1699
6ba92bd6-a591-38ab-93c9-920e50347678,ENDOCRINE ASSOCIATES OF WESTERN MASS  P.C.,SPRINGFIELD,MA,01107-1272
72fc6638-0d8f-3d32-87d3-7c714c01a97d,PCP211156,KINGSTON,MA,02364-2298
9e996963-5786-37ce-8c42-3245bf8c20d2,PCP211958,NEEDHAM,MA,02492-2505
bd1657af-98c7-323c-b961-7952acfc0ec2,LYNN VEIN CLINIC LLC,LYNN,MA,01901-1355
0982db2c-c422-3e3e-bbf5-fe4bdb5c7c67,PCP212787,SOUTH DARTMOUTH,MA,02748-3815
56555397-045b-3abe-9ed8-7454cdbfdf20,PHYSICAL THERAPY IN MOTION  INC,SOUTH YARMOUTH,MA,02664-1849
991c5ea5-b257-3b6c-887d-b048d7dc39bd,BRISTOL PULMONARY AND SLEEP MEDICINE P.C.,TAUNTON,MA,02780-2497
cb7dfd1f-74a0-3263-86e3-675e0ffd1c9e,DR LAURA ANNE POTVIN PC,GROVELAND,MA,01834-1566
38676a06-8c7a-39d9-84df-22752abfd5f2,JEFFERSON RADIOLOGY PC,HOLYOKE,MA,01040-2223
b4f385ce-3f32-3097-9754-4ea83d91f11d,MASSACHUSETTS EXPRESS CARE PLLC,RAYNHAM,MA,02767-5446
e12fe1d2-1526-3b2c-939f-e03d8132054b,PCP216437,HOLYOKE,MA,01040-5396
2aa968f9-f021-32c3-8a11-2ad46896cdf3,MILTON CARDIAC TESTING  P.C.,MILTON,MA,02186-3800
6c2cc3eb-72c0-3b09-b1f9-88782da2527a,PONDVILLE MEDICAL ASSOCIATES LLC,NORFOLK,MA,02056-1680
d11326fd-9ee8-321f-a9d6-382f526d2b94,ELITE SPORTS INC,FOXBOROUGH,MA,02035-2865
54fe5bfc-622b-3917-b81a-757ebaff1057,NEW ENGLAND FOOT AND ANKLE PC,CHELMSFORD,MA,01824-1731
69dac13f-9fcb-3152-91eb-10f1d4d8c864,MEDICAL AFFILIATES OF CAPE COD  INC.,SANDWICH,MA,02563-2340
1eee58f9-f10d-3d2c-8752-380e35863aaf,PCP222354,E SANDWICH,MA,02537-1371
bee48890-29c3-3d54-a1c2-b51158a3302d,PCP222654,BELMONT,MA,02478-1064
f43d6681-f2aa-3bb7-81c6-8abe6cfe7a15,PCP222777,HOPEDALE,MA,01747-1719
1a87a637-8a07-379d-9d21-3cf3be2b6430,PHYSICAL THERAPY U INC,BRIDGEWATER,MA,02324-2302
618e8d53-77e5-31d1-b250-8011b7a7f56c,PCP223203,MEDWAY,MA,02053-1818
d7883ad2-ba17-3aac-aa33-04311fa42cf6,NATICK EYE ASSOCIATES  PC,NATICK,MA,01760-1514
a356b345-e72b-3291-b161-45479775701e,PCP224959,ORANGE,MA,01364-1447
4c992f21-944c-30c5-b851-c5f22fffa031,PCP226397,LYNNFIELD,MA,01940-2218
ce9b73b9-27c6-30ff-8b04-9cff8d5f9208,PCP226751,LANCASTER,MA,01523-2056
b895ee70-8bbc-375a-a2a5-181bb23cbb8c,NORTHEAST HEALTH SERVICES LLC,FALL RIVER,MA,02720-1306
198b46be-e161-3fce-a109-cb003faba2ec,PCP228627,NORTH FALMOUTH,MA,02556-2019
dbadb34a-1bc4-3cd1-9903-b8ff46c8b9d8,PCP229646,BLACKSTONE,MA,01504-1541
69f3b168-46e2-3b49-b267-c68991524775,NESC MACIPA LLC,WELLESLEY HILLS,MA,02481-2108
b0893b9a-0462-3a41-9523-e3bf49a060f6,PCP231041,STONEHAM,MA,02180-1712
6040b2da-71a1-3d12-a777-427cbb929931,PCP231204,MONTGOMERY,MA,01085-9522
f18a5227-92c4-3fa3-b437-5364132c349b,INTERNISTS ASSOCIATED,NEEDHAM,MA,02492-2520
dc92850d-4681-3954-b74a-8ded684efeeb,FAMILY DOCTORS  LLC,MARBLEHEAD,MA,01945-2327
729bec88-f795-3d9c-baa2-04d304a589e5,SPRINGFIELD ANESTHESIA SERVICE INC.,WARE,MA,01082-1625
5037c033-bb99-3453-9dc0-40d80d508e9f,ASSOCIATED PHYSICIANS OF HARVARD MEDICAL FACULTY PHYSICIANS AT BETH IS,MILTON,MA,02186-3900
76a80350-916e-3fc9-8fed-2c8c4b36c42f,NORTH SUFFOLK MENTAL HEALTH ASSOCIATION  INC.,CHELSEA,MA,02150-2807
eba76dd9-fb5e-3add-a1de-9ef0ad3449cc,ARBOUR ELDER SERVICES  INC.,ROCKLAND,MA,02370-1075
b722fd9b-6e71-3f88-8961-768ac0272365,PCP238050,HYDE PARK,MA,02136-2819
ec255347-40f1-342a-8f39-364490fb46e7,NARRAGANSETT BAY ANESTHESIA  LLC,SWANSEA,MA,02777-4114
53622c13-f281-3432-8b79-89627a0eedd3,MILTON CHIROPRACTIC AND REHABILITATION INC,QUINCY,MA,02169-1200
f37bfae6-33c9-3b9e-98ba-a85f0332ec8e,COUNSELING ASSOCIATES OF DRACUT AND METHUEN,DRACUT,MA,01826-4067
466e160a-dc52-3dab-b98f-9d79beb51694,NORTHEAST BEHAVIORAL HEALTH CORPORATION,GLOUCESTER,MA,01930-4832
280c5cc7-631b-32ef-b9a6-4480c73ffa18,BAY STATE COMMUNITY SERVICES INC,WALPOLE,MA,02081-2803
3056e4f3-2bd6-33fa-aeca-7853b9d3d9f1,EVANS MEDICAL FOUNDATION INC,BOSTON,MA,02118-2308
148703ef-dbdb-342c-94df-de3a78812cfe,HARRINGTON MEMORIAL HOSPITAL  INC.,SOUTHBRIDGE,MA,01550-1823
4b394604-dd97-35a9-af1e-0c064b5e1ceb,BEHAVIORAL HEALTH NETWORK INC,SPRINGFIELD,MA,01103-2203
505f835d-7441-385f-a991-45f793514a97,COUNSELING CENTER IN THE BERKSHIRES INC,PITTSFIELD,MA,01201-5130
6f6afeba-3f8c-396b-9cd3-71f1a28d0248,ELLIOTT PHYSICAL THERAPY  INC,DORCHESTER,MA,02122-3206
495a2033-76f8-3913-8421-73ac96b8bb08,HARRINGTON MEMORIAL HOSPITAL  INC.,DUDLEY,MA,01571-3817
a38d5551-d4e4-3a10-a5ca-7d57f80ccbcf,NORTH SHORE MEDICAL CENTER INC,LYNN,MA,01904-1424
4c35f7ca-1645-3431-ab73-df710f19285a,LAHEY PHYSICIAN COMMUNITY ORGANIZATION I INC,CONCORD,MA,01742-3829
b1676665-fbdf-3335-aa73-9a946ad9b391,MT AUBURN PROFESSIONAL SERVICES,CAMBRIDGE,MA,02138-5665
e204d54b-9e41-3aec-a681-8a0929a652d5,HOWARD S GOLDBERG MD INC,SWAMPSCOTT,MA,01907-1395
ab94ae9a-ebf5-366e-a92e-b874dd729b23,COMMUNITY HEALTH PROGRAMS INC,ADAMS,MA,01220-1856
c4fc1acd-2559-3301-9e04-f9cc7995fc20,MILTON CHIROPRACTIC AND REHABILITATION INC,SOMERSET,MA,02726-5138
4c1b6514-d636-3c43-92c1-d0ee2adff46b,PRIMA CARE PC,SWANSEA,MA,02777-3906
0e418c0f-8685-36c3-8fa7-ace9b726ce5d,PSYCHOLOGY ASSOCIATES INC.,WAREHAM,MA,02571-2052
fb921acf-cdcd-39a1-9c58-f78785bf050d,PCP248879,SHARON,MA,02067-2037
3db6151a-809b-3539-a615-9eb24297e44d,SOUTH COUNTY PHYSICAL THERAPY INC,MILLBURY,MA,01527-3253
2b497431-c24b-368a-8050-a05802d5ff67,CLINICAL AND SUPPORT OPTIONS  INC,GARDNER,MA,01440-3879
1fb7fb22-4caa-3dd7-9d90-ec0a98f651c6,MASS LUNG AND ALLERGY PC,LEOMINSTER,MA,01453-2253
d7b28a82-03e2-37ff-b57f-cb4e2fcf9bb9,PCP250999,MATTAPOISETT,MA,02739-1704
af7e425c-0726-302d-b486-32eb59c50858,PCP251961,MILFORD,MA,01757-2201
19199b47-ec28-3399-af71-c734e3257794,UMASS MEMORIAL RADIOLOGY PHYS SERV,LEOMINSTER,MA,01453-2205
dcc3958e-b85a-35fc-9269-d8095313132e,UMASS MEMORIAL RADIOLOGY PHYS SERV,UXBRIDGE,MA,01569-1278
42b1d034-e30e-35d6-987d-0bf1349c0dfd,PCP254337,QUINCY,MA,02169-4510
eb73f869-4d4b-3dd9-9e12-5f291b1554fe,NORTH BRIDGE IMAGING GROUP  LLC,GROTON,MA,01450-1879
2163a317-d803-3790-b34b-287b1e305aa5,UNIVERSITY SURGICAL ASSOCIATES  INC.,SOUTH ATTLEBORO,MA,02703-6942
92729cd4-156f-3404-b877-1da464e5fb29,HARRINGTON MEMORIAL HOSPITAL  INC.,WEBSTER,MA,01570-1587
8f5acd86-92e2-3ec4-b252-f1fd2f3c2736,CAPE COD PAIN MANAGEMENT  PC,CARVER,MA,02330-1128
20c8b48c-9b79-386c-a548-ae64b3192a4a,UPHAMS CORNER HEALTH COMMITTEE INC,DORCHESTER,MA,02125-2424
3c21372c-5581-38be-806e-81d752c60284,PCP257483,MELROSE,MA,02176-3201
9e782b47-1e85-31dc-a29d-0726ce53a05a,PCP257816,NORFOLK,MA,02056-1680
18362426-1324-35e6-a226-adccb56a7a36,PCP258407,MIDDLEBOROUGH,MA,02346-2123
7b69b367-ad62-31ef-a8f8-0cb1ea5d4765,NORTH SUFFOLK MENTAL HEALTH ASSOCIATION  INC.,REVERE,MA,02151-3100
76fcc5a2-ce75-3662-8763-1d53b733cef9,PCP258626,DARTMOUTH,MA,02747-2537
52d8e0da-6a42-34f2-a506-dc4af622a02a,PCP260793,QUINCY,MA,02169-4721
5510a93b-c3a2-3d18-a009-9b6a4b4e6b88,KEENAN  MALLADI AND O'NEILL  P.C.,WESTFIELD,MA,01085-1832
337c1f83-2105-36df-9958-24ecec7231a7,ADVANCED AUDIOLOGY ASSOCIATES INC,EAST DENNIS,MA,02641
af622cd1-0179-3ec1-9d57-b56e6404bdf5,PCP262680,BOSTON,MA,02116-3152
c07a0d8c-1e12-309e-bde5-be542a9deee0,PCP263254,FAIRHAVEN,MA,02719-4415
066dc005-2020-39f1-ba27-8cf297e231d0,PCP265894,LINCOLN,MA,01773-3406
1a00eeee-f618-3039-97cd-6df942cca791,PCP266605,NEWTON,MA,02459-2714
7582eb8c-4254-325a-bc11-8c60d209950f,ASTHMA AND ALLERGY PHYSICIANS LLC,PLYMOUTH,MA,02360-4500
a46483b9-901a-3910-8a45-3a88c5954b02,MT AUBURN PROFESSIONAL SERVICES,ARLINGTON,MA,02476-4738
d6337e51-f70b-3ce2-b1d5-076f429690d9,NORTH SUFFOLK MENTAL HEALTH ASSOCIATION  INC.,CHELSEA,MA,02150-2830
1248b93c-56ef-3c3a-adab-56eb2c991c4d,PCP267780,SOMERVILLE,MA,02144-1703
45f7c4aa-6dfa-39ae-a373-8f624abf91da,RIVERBEND MEDICAL GROUP INC,CHICOPEE,MA,01020-1969
adf4b040-f289-3128-b850-e45445055747,WESTFIELD MEDICAL CORPORATION,WESTFIELD,MA,01085-4224
bd29062a-b90f-3926-813e-cf4027f7df6c,MASSACHUSETTS GENERAL PHYSICIANS ORGANIZATION  INC,REVERE,MA,02151-3675
2591e03a-4c09-3a84-b72f-a7cb8972a849,STURDY MEMORIAL ASSOCIATES  INC.,PLAINVILLE,MA,02762-2257
3348dba4-2c6e-3498-8d0a-a44f04cc5c18,BOSTON UNIVERSITY OBSTETRICS AND GYNECOLOGY FOUNDATION  INC.,BOSTON,MA,02118-2334
60d53ccf-3484-3c1c-8f44-8a11a15f5d57,BAYSTATE MEDICAL PRACTICES INC,SPRINGFIELD,MA,01107-1112
ea5419a8-3670-39a7-a49b-0df776df60b2,CAMBRIDGE PUBLIC HEALTH COMMISSION,EVERETT,MA,02149-5095
ef6d16ef-018d-30bd-b895-5732899dff0e,BOSTON NEURO BEHAVIORAL ASSOCIATES LLP,NATICK,MA,01760-7700
6d59a1fd-21d9-3966-9df2-49161ca3667d,BRIGHAM AND WOMENS PHYSICIANS ORGANIZATION INC,BOSTON,MA,02115-6110
6e06529b-dd5b-3240-9031-91b34b697612,STEWARD MEDICAL GROUP  INC,BRIGHTON,MA,02135-2997
bc1782d3-4317-33ef-b8b4-b5978a0592d7,SOUTHCOAST PHYSICIANS GROUP  INC..,FAIRHAVEN,MA,02719-5208
26d45cb3-23cb-32d2-a052-332cc6a2ecdd,RELIANT MEDICAL GROUP  INC,SOUTHBOROUGH,MA,01772-1215
64e6dbb1-833d-359c-a279-fcfbcd8c2266,MASSACHUSETTS GENERAL PHYSICIANS ORGANIZATION  INC,CAMBRIDGE,MA,02138-4308
efbedad2-27d0-395b-8869-bc9eaa59d434,MASSACHUSETTS EYE AND EAR ASSOCIATES  INC,BOSTON,MA,02115-6303
8f44e156-9f07-3059-9bd9-9e9bbad81776,LAHEY CLINIC  INC.,BEVERLY,MA,01915-5900
b03dba4f-892f-365c-bfd1-bfcfa7a98d5d,WESTERN MASS PHYSICIAN ASSOCIATES INC,CHICOPEE,MA,01020-4488
27f72ce2-5067-3a5d-b6cb-4e597eb27c5e,BAY STATE PHYSICAL THERAPY OF RANDOLPH PC,MARSHFIELD,MA,02050-2191
9cc3a583-4463-3948-8a9f-6900e895fe74,MARATHON PHYSICAL THERAPY AND SPORTS MEDICINE  LLC,NORTON,MA,02766-2436
260d6fb7-e876-3d3e-91a6-d7bd2e731d0a,STEWARD MEDICAL GROUP  INC,AYER,MA,01432-1168
34f1ebc0-5fa0-3464-bbfc-9739a5cd9bd8,NORTH SHORE PHYSICIANS GROUP INC,BEVERLY,MA,01915-6196
a73d9755-246c-3e55-8d71-f720bc20e2e0,MASSACHUSETTS GENERAL PHYSICIANS ORGANIZATION  INC,CHELSEA,MA,02150-1812
5c900690-e695-3e69-a4cc-5f538ac3a04f,SOUTHCOAST PHYSICIANS GROUP  INC..,LAKEVILLE,MA,02347-1606
81e1fe1e-8ccb-332f-8a9e-4f60f3a8b17d,RELIANT MEDICAL GROUP  INC,WORCESTER,MA,01606-2738
d7e72df4-5d7e-3cc2-838b-675fa017362c,THE MCLEAN HOSPITAL CORPORATION,BELMONT,MA,02478-1064
6469fc6c-2425-3d9b-9085-a819f95c5b87,STEWARD MEDICAL GROUP  INC,RAYNHAM,MA,02767-5416
270b869f-2cf4-32c6-a9d2-4e1155639a69,MEDICAL CARE OF BOSTON MANAGEMENT CORPORATION,NEEDHAM,MA,02494-2708
4a01ed53-f002-3a33-9e11-7aff2e75e2df,CD PRACTICE ASSOCIATES INC,AMHERST,MA,01002-2788
630a681a-a38d-374b-92c2-a6aeb1f4024d,UMASS MEMORIAL MEDICAL GROUP  INC.,SHREWSBURY,MA,01545-5663
eea1f535-cced-3755-9af3-becac358b003,BAY STATE PHYSICAL THERAPY OF RANDOLPH PC,ARLINGTON,MA,02476-4744
3f5657e2-decb-39ba-8e66-6792c9c0b02d,MEDICAL CARE OF BOSTON MANAGEMENT CORPORATION,BROOKLINE,MA,02446-5515
1c1c5630-8873-3a41-9191-b149cd005661,HOLY FAMILY MEDICAL SPECIALTY PRACTICE PLLC,METHUEN,MA,01844-4597
eeef6fbe-a883-3739-98f5-c8a00d96a15e,CAMBRIDGE PUBLIC HEALTH COMMISSION,SOMERVILLE,MA,02145-2935
967f48f7-7b19-389b-bb6f-5f4bd766beaa,CIRCLE HEALTH URGENT CARE LLC,WESTFORD,MA,01886-3429
015a3415-7c25-3d6e-afc5-1fe1000cbd0b,CAMBRIDGE PUBLIC HEALTH COMMISSION,SOMERVILLE,MA,02143
3c402160-c590-39c1-b9a2-96bfcf3a7a7e,COMMONWEALTH RADIOLOGY ASSOCIATES  INC,DANVERS,MA,01923-3748
25de203e-65ec-38a3-af09-63fda1bb8ba5,SOUTHCOAST PHYSICIANS GROUP  INC..,FAIRHAVEN,MA,02719-5208
45bc0574-077f-30c7-a450-7f06151d7518,URGENT CARE MEDICAL ASSOCIATES  LLC,WESTWOOD,MA,02090-2333
94e3c32a-69b3-323e-9d98-0643b2179c3e,PROEX PHYSICAL THERAPY  LLC,HAVERHILL,MA,01835-7442
899a59b7-83d9-3d34-8f3a-23c813c24291,PROEX PHYSICAL THERAPY  LLC,BRAINTREE,MA,02184-5542
b50d599f-9423-3a68-8bf4-4ccca5bf9b07,STEWARD MEDICAL GROUP  INC,SEEKONK,MA,02771-4127
4dced991-0bd7-3d30-aefa-0b8a608221aa,ATHOL MEMORIAL HOSPITAL,ATHOL,MA,01331-3535
27e16b5c-961b-340f-83cc-c22f28d16b2f,UMASS MEMORIAL MEDICAL GROUP  INC.,WESTBOROUGH,MA,01581-1764
d1274182-93d4-3f3c-96e3-c3ff3df9a2c3,HALLMARK HEALTH MEDICAL ASSOCIATES INC,MELROSE,MA,02176-3149
2309f60b-ad77-3db8-b7ed-6eeeb03aa367,STEWARD MEDICAL GROUP  INC,MIDDLEBORO,MA,02346-1030
6d31be8e-d1b3-3e16-bace-b4cb2b955318,LAHEY CLINIC  INC.,BEVERLY,MA,01915-2734
8b2f7ccc-febf-3303-9dfb-05bf64d92f16,STEWARD MEDICAL GROUP  INC,S ATTLEBORO,MA,02703-6942
fbb7f372-24d3-31bb-9be3-1f5263c5538e,RELIANT MEDICAL GROUP  INC,HUDSON,MA,01749-3735
d280bb3c-0c3d-327f-aefd-45bce5923116,FOUNDATION MEDICAL PARTNERS INC.,PEPPERELL,MA,01463-1560
80f0cc62-2970-3ea1-bbf9-c98934f59dd5,TOTAL WELLNESS CENTERS  LLC,WORCESTER,MA,01602-3339
eecf520b-fa40-39cd-a3f1-8d2891476257,MINUTECLINIC DIAGNOSTIC OF MASSACHUSETTS  LLC,MARSHFIELD,MA,02050-4906
eaecc8bf-2af6-3093-9082-26745a248f0e,WINCHESTER PHYSICIAN ASSOCIATES INC,TEWKSBURY,MA,01876-3125
a178f886-7d67-3962-8c78-06d8271bdbda,UMASS MEMORIAL MEDICAL GROUP  INC.,LEOMINSTER,MA,01453-1818
19576db2-b965-39d8-bca4-1dc304964915,WEST CENTRAL FAMILY AND COUNSELING  LTD,WEST SPRINGFIELD,MA,01089-1485
a66e7140-19ce-35d4-ba16-3cbb5268cf07,PRATT SURGICAL ASSOCIATES INC,LOWELL,MA,01854-2134
b0360d7f-9c72-3a9e-adad-8c4bcc0c2679,JORDAN PHYSICIAN ASSOCIATES INC.,FORESTDALE,MA,02644-1427
7dcb5cb6-5c36-3c80-9e8c-eca5319ee530,RIVERSIDE COMMUNITY CARE INC,SOMERVILLE,MA,02144-1916
d747bc3c-50ae-37c0-b6b2-c11b8d5d8bc5,PROEX PHYSICAL THERAPY  LLC,SALEM,MA,01970-2736
c6289818-905c-366d-97d4-1c1f66b0ff9f,TOTAL WELLNESS CENTERS  LLC,SPRINGFIELD,MA,01105-1896
d7922c21-3639-3d7d-add4-e44b54131e55,CAREWELL URGENT CARE CENTERS OF MA  PC,LEXINGTON,MA,02420-4334
edafffbd-058e-3a96-ae53-81dd93a92213,CARL GUSTAFSON LLC,SOMERVILLE,MA,02143-4505
24920d2f-9301-3754-9586-f1c7b54324cb,BAY STATE PHYSICAL THERAPY OF RANDOLPH PC,ABINGTON,MA,02351-2186
9b4b04bd-4ac0-386e-94fb-5aead18273c3,MEDEXPRESS URGENT CARE PC MASSACHUSETTS,CHICOPEE,MA,01020-3900
d71ceda9-f23b-3f44-8a43-552ba56a5fef,NORTH SHORE PHYSICIANS GROUP INC,LYNN,MA,01904-1423
45f7465c-a061-3f5c-8ab0-77495ae7071f,EMERSON PRACTICE ASSOCIATES  INC,SUDBURY,MA,01776-3392
d4406386-f463-308b-afda-29de5c058ea6,BAYSTATE MEDICAL PRACTICES INC,EAST LONGMEADOW,MA,01028-1838
a9ee11b4-d324-3276-ba11-f543f3a77746,NEWTON WELLESLEY AMBULATORY SERVICES  INC,WALPOLE,MA,02081-1703
2fbaab4d-bd19-37e0-a3b6-0493955ccdbb,SIGNATURE HEALTHCARE MEDICAL GROUP INC,BRIDGEWATER,MA,02324-3117
51373f2a-2219-3391-8664-4978665c2546,STEWARD MEDICAL GROUP  INC,ABINGTON,MA,02351-1921
23dc471b-655e-354b-929c-ab54b406f5bd,SOUND PHYSICIANS OF MASSACHUSETTS INC,STOUGHTON,MA,02072-1829
e9aada58-2be6-3975-a1b1-c7b6b44ec3ca,WESTFIELD MEDICAL CORPORATION,SOUTHWICK,MA,01077-9690
ca49c2b9-efee-3730-9c7a-e35c169c89d9,SOUTHCOAST PHYSICIANS GROUP  INC..,FAIRHAVEN,MA,02719-5208
4ecbf41e-9d8f-3aeb-9b4d-6625c2ff5918,STEWARD MEDICAL GROUP  INC,EAST BRIDGEWATER,MA,02333-1466
5a9ded14-4f2b-3d66-9301-02c8fb81c8fd,RELIANT MEDICAL GROUP  INC,WESTBORO,MA,01581-1494
65844c75-463f-326c-b0f6-dc3232e48fb1,UMASS MEMORIAL MEDICAL GROUP  INC.,SUTTON,MA,01590-1908
29231c59-e2f2-31ea-8934-4a11c60db561,PHYSICIANS OF CAPE COD HOSPITAL,HYANNIS,MA,02601-5229
06298d60-e0e0-32d1-b465-2455b92414b9,NORTH SHORE PHYSICIANS GROUP INC,SALEM,MA,01970-2100
d091c102-d402-361f-a252-cf0244ba3fa3,ANAESTHESIA ASSOCIATES OF MASSACHUSETTS  PC,DEDHAM,MA,02026-2637
ca2eaac0-decd-3e6b-9306-da358c0fcbf5,MARATHON PHYSICAL THERAPY AND SPORTS MEDICINE  LLC,EASTON,MA,02334
bbddcd5c-1bfb-33e1-bc31-3d7aa0967e3c,VIRTUAL RADIOLOGIC PROFESSIONALS  LLC,ANDOVER,MA,01810-3619
c0a238bc-f10c-308e-a67f-9af905927ca5,SPINE AND SPORTS INJURY CENTER  P.C.,BOSTON,MA,02116-5109
369484df-e8d5-373d-a9f2-abfd405f73bd,RELIANT MEDICAL GROUP  INC,HOLDEN,MA,01520-2570
551880f3-beae-32e6-85f0-07c033c56e2d,STEWARD MEDICAL GROUP  INC,FALL RIVER,MA,02721-1623
b9c4e4e9-4717-340e-99a8-4c3941065d23,STEWARD MEDICAL GROUP  INC,METHUEN,MA,01844-4445
61575cd8-3f3b-3041-9541-543a48a452b9,MARATHON PHYSICAL THERAPY AND SPORTS MEDICINE  LLC,DEDHAM,MA,02026-6804
82da053b-5fd5-3a73-9e39-5e53fff79b15,NORTH SHORE RADIOLOGICAL ASSOCIATES INC,STONEHAM,MA,02180-2446
aedfbeaa-6402-32a4-b806-1829fb8089be,JORDAN PHYSICIAN ASSOCIATES INC.,PLYMOUTH,MA,02360-7735
3f44c95d-aa3d-3385-93f7-9b0bdecc52a6,MASS LUNG AND ALLERGY PC,CHARLTON,MA,01507-1590
883860d6-0862-3a47-a18f-7256563c53f4,HARRINGTON PHYSICIAN SERVICES INC,BRIMFIELD,MA,01010-9647
ed353f5c-41f9-3eb6-8e10-47d3db959d99,MILFORD REGIONAL PHYSICIAN GROUP INC,NORTHBRIDGE,MA,01534-1415
cf656e7e-7737-3007-8519-ab59d47997bd,FRANKLIN PAIN ASSOCIATES LLC,FRANKLIN,MA,02038-1493
6f9533a0-163f-3afc-b6e9-16bdfb6a0578,STEWARD MEDICAL GROUP  INC,WRENTHAM,MA,02093-1399
6fe16450-d702-32b1-a8f4-16fb9046ea7d,LYNN COMMUNITY HEALTH  INC.,LYNN,MA,01905-2420
aab93dbd-24d7-3c77-9ba8-24165df892de,BOSTON UNIVERSITY NEUROLOGY ASSOCIATES INC,BRAINTREE,MA,02184-5351
8551a132-55e0-3e45-a900-a344631aaf18,PERFORMANCE REHABILITATION OF WESTERN NEW ENGLAND LLC,SUDBURY,MA,01776-2405
cef329a7-3cec-3277-9409-8619f59e05db,BERKSHIRE FACULTY SERVICES INC,PITTSFIELD,MA,01201-4147
9dea6fe8-dc88-317b-b76f-59d440389061,BRIGHAM AND WOMENS HOSPITAL  INC,BOSTON,MA,02115-6110
10523c85-c2e7-376a-81ef-d9dfbb4d212f,NORTH SUBURBAN ORTHOPEDIC ASSOCIATES INC,EVERETT,MA,02149
e018dd7a-71fe-3d35-9ad9-1aa56beb1ddb,MASSACHUSETTS EYE AND EAR ASSOCIATES  INC,DUXBURY,MA,02332-5315
632821a3-294a-3e71-93dc-386112575a45,BRIGHAM AND WOMENS HOSPITAL  INC,FOXBORO,MA,02035-1375
3feafc01-48cb-32a5-864f-ea1cf35e2313,STEWARD MEDICAL GROUP  INC,DORCHESTER,MA,02124-5628
17de15ad-15e5-33c3-bb56-b4a333face33,STEWARD MEDICAL GROUP  INC,SWANSEA,MA,02777-4114
361be8c3-0d72-3f74-a446-52f6cde124a6,PERFORMANCE REHABILITATION OF WESTERN NEW ENGLAND LLC,SPRINGFIELD,MA,01118-1805
d27961e4-a619-349e-8b8d-8ed5cf6705c5,MINUTECLINIC DIAGNOSTIC OF MASSACHUSETTS  LLC,CAMBRIDGE,MA,02140-1449
37c197b5-110f-339b-942e-272137f770b2,CD PRACTICE ASSOCIATES INC,WILLIAMSBURG,MA,01096-9427
76c7d4c2-4b50-38d2-aac2-76dff59b1192,UMASS MEMORIAL MEDICAL GROUP  INC.,MARLBOROUGH,MA,01752-3999
cea8f099-e5cd-35b9-92b3-e11365ae6f8e,MASS OPTOMETRIC ASSOCIATES  PLLC,PLYMOUTH,MA,02360-7233
3f2bb842-492b-31e3-b986-b6a57727c04e,CENTMASS IMAGING  INC.,LEOMINSTER,MA,01453-5507
6a2be1e1-df77-37f6-b51e-56aa3b2e0755,PERSONAL BEST PHYSICAL THERAPY LLC,REHOBOTH,MA,02769-2601
a5d07525-be34-3828-ac54-a798d8e605db,SOUTH BAY MENTAL HEALTH CENTER  INC.,SWANSEA,MA,02777-4119
30fa799d-cbfd-332c-b222-ec1137c0f28b,SOUTH BAY MENTAL HEALTH CENTER  INC.,SPRINGFIELD,MA,01105-1435
e1d4b508-c601-3456-990c-ba1f91bb0686,PCP334303,TEATICKET,MA,02536-5671
04652f3e-a745-3706-833c-5fcf7a23cfc8,BAY STATE PHYSICAL THERAPY OF RANDOLPH PC,RANDOLPH,MA,02368-4633
9a2a92c3-d4ab-3a03-a55f-15c86b0793dc,PCP336242,QUINCY,MA,02169-4762
632120c3-d5f3-31cf-a3ff-9afe4d9ef9f6,STURDY MEMORIAL ASSOCIATES  INC.,REHOBOTH,MA,02763
d307105e-ae37-3c84-b0c6-bb7ba01f0b20,STEWARD MEDICAL GROUP  INC,AYER,MA,01432-1191
c6d61641-fb92-3b0a-b405-979248ecfb33,MILFORD REGIONAL PHYSICIAN GROUP INC,FRANKLIN,MA,02038-1374
baf16619-2d0f-3c36-b921-aa1a7a752ac3,ROBERT H. JANIGIAN JR. MD LLC,SWANSEA,MA,02777-4114
e6188bb8-3630-3704-98ce-c6c94fbfd55a,PCP339907,WEST BRIDGEWATER,MA,02379
4be76e05-1237-3df5-abce-9a96f959206e,PCP340164,CAMBRIDGE,MA,02138-2753
f7cc8d75-179c-3740-be51-a8df0b4f47b3,NORTHEAST DERMATOLOGY ASSOCIATES  PC,BOSTON,MA,02215-2823
e6adb884-b133-331f-8973-5298bd494bc8,SOUTH BAY MENTAL HEALTH CENTER  INC.,CHELSEA,MA,02150-2363
88f1fce1-dce3-3556-96b4-2a943b9af8ec,RELIANT MEDICAL GROUP  INC,MILLBURY,MA,01527-2692
0ac7fa57-a6d9-3afd-a02e-4aff2e125569,CD PRACTICE ASSOCIATES INC,BELCHERTOWN,MA,01007-9408
1d254da0-11b1-3bed-b9a7-b9a5efc8c989,MEDICAL CARE OF BOSTON MANAGEMENT CORPORATION,DEDHAM,MA,02026-4530
e62f783b-5841-34fd-9fe9-aea63cda5664,NEW ENGLAND NEPHROLOGY ASSOCIATES,QUINCY,MA,02169-5029
0503d371-5656-35f6-99f3-c643a1c57d17,PCP343917,SWAMPSCOTT,MA,01907-2574
b62a2f26-b410-32e0-b1c0-b94161f3a7c4,ODONATA PSYCHOTHERAPY AND RETREAT CENTER LLC,FORESTDALE,MA,02644-1413
e9c98bde-b281-3227-ab05-eaff00462582,MINUTECLINIC DIAGNOSTIC OF MASSACHUSETTS  LLC,SEEKONK,MA,02771-2618
f076486c-76c1-32dc-9578-75f1d197a5db,PCP344774,SUTTON,MA,01590-1908
c2751801-8047-30ce-ba9b-72afebaae76a,UROLOGY CONSULTANTS OF NS,NEWBURYPORT,MA,01950
ccbfca49-309d-3b5c-97e4-ce7ba9f0bcc8,HARVARD MEDICAL FACULTY PHYS AT BETH ISRAEL DEACONESS MED CTR  INC.,WINCHESTER,MA,01890-1496
592c7848-5619-3d11-b158-488fb330ee00,PCP348282,DENNIS,MA,02638-1911
28c1f675-4dd0-38a7-92dd-1da9e96efbd3,PCP348576,LOWELL,MA,01852-1334
551732c0-2aa2-3a8f-a9b0-8543e015e832,BERKSHIRE FACULTY SERVICES INC,ADAMS,MA,01220-2032
e97ada4e-9e6e-396a-88dd-422cbb4bb229,ODONATA PSYCHOTHERAPY AND RETREAT CENTER LLC,BUZZARDS BAY,MA,02532-3245
b3cd0211-e3d4-3652-a513-40e9341f6296,PCP350297,WEYMOUTH,MA,02190-1612
5a6c72b5-3615-3fcb-b8c3-470e47c98a8b,ZWANGER AND PESIRI RADIOLOGY GROUP LLP,CARLISLE,MA,01741-1586
50dec98b-61a0-3d49-b803-0dc181963202,LAHEY CLINIC  INC.,MERRIMAC,MA,01860-2005
ce7cf858-b5ae-3f23-ac95-cce3ecdda178,BAY STATE PHYSICAL THERAPY OF RANDOLPH PC,SCITUATE,MA,02066-4533
2e93bbc6-cbec-3cb8-b936-ad4402862092,MINUTECLINIC DIAGNOSTIC OF MASSACHUSETTS  LLC,PALMER,MA,01069-1501
f7ef6771-16a9-33e8-ae26-cbcd16492d4d,RIVERSIDE COMMUNITY CARE INC,SOMERVILLE,MA,02143-4297
9a01482a-dc55-3916-9fe9-016717fe40a4,PCP353491,HOPKINTON,MA,01748-1619
ecbc2744-976a-3806-b460-eb728830779f,TOTAL WELLNESS CENTERS  LLC,LAWRENCE,MA,01843-1740
aafc7529-1a22-32ec-a06d-a6c6163c766e,PERFORMANCE REHABILITATION OF WESTERN NEW ENGLAND LLC,SAUGUS,MA,01906-1094
d264d7d3-1734-3cb1-9734-29c88d09fa03,UMASS MEMORIAL MEDICAL GROUP  INC.,BERLIN,MA,01503-1225
1e575986-84d0-3e7c-a86c-2a1ee67d9fa3,ALL CARE HOSPICE INC.,LYNN,MA,01901-1536
33f56fac-880e-3f10-928b-582c7d1f92bc,STEWARD MEDICAL GROUP  INC,EAST WAREHAM,MA,02538-1354
b3dad682-0ba3-3855-b5a2-7fb412528b39,SOUTH BAY MENTAL HEALTH CENTER  INC.,WORCESTER,MA,01608-1604
4c15fffd-e7e3-3d1b-89e3-d28737792fa3,PCP357316,DANVERS,MA,01923-4009
f1193bda-7254-3d95-8c4a-30edf5e34328,CHARLES RIVER MEDICAL ASSOCIATES  PC,NATICK,MA,01760-7700
439831cf-293d-34fc-9626-f8f2e4b5e1cd,PCP358047,BILLERICA,MA,01821-5318
67bc4c2c-8863-3521-bbeb-41627b604131,MINUTECLINIC DIAGNOSTIC OF MASSACHUSETTS  LLC,WESTPORT,MA,02790-2819
52a30b57-1660-3c8c-9f4d-5a38305ee506,THE COMMONWEALTH OF MASSACHUSETTS,POCASSET,MA,02559-2198
3ac9b4bd-3fb6-3680-8778-dcd410cad20c,PCP359372,BRIDGEWATER,MA,02324-3152
a0a14713-50c4-3818-b0cb-8c2047f1458c,BAY STATE PHYSICAL THERAPY OF RANDOLPH PC,CEDARVILLE,MA,02360-6903
829a88e4-565e-3a38-a0a6-94ade6404a38,TRU MEDICAL WALK IN CLINIC,NEW BEDFORD,MA,2746
4feb5860-8c43-34ea-b2c8-84ff7ca8740b,TRU MEDICAL WALK IN CENTER,FALL RIVER,MA,2721
92819cdc-db9e-387e-8c4f-4b2b4e8b2e4f,SAINTS WALK-IN MEDICAL CENTER - URGENT CARE AND OCCUPATIONAL HEALTH,LOWELL,MA,1850
0d1563c1-d56c-362e-9e3d-d74463ebbe0f,URGENT CARE MEDICAL CLINIC,BROCKTON,MA,2301
0c127383-39c2-30f2-bd62-448ea6fe1385,FAMILY MEDICAL CENTER,FAIRHAVEN,MA,2719
4e916854-3a59-3f17-bb16-7c406148d822,HANOVER FAMILY HEALTH AND URGENT CARE,HANOVER,MA,2339
a76bda1d-f42d-3046-b8c6-021f3db0a086,WALK IN AND PRIMARY CARE,WALTHAM,MA,2451
7116c200-6663-3503-8314-1ee16845e5d3,SAINTS WALK-IN MEDICAL CENTER - URGENT CARE AND OCCUPATIONAL HEALTH,CHELMSFORD,MA,1824
c63d0602-724d-3d74-958a-a31b1364eaef,HARVARD VANGUARD BRAINTREE PRACTICE URGENT CARE,BRAINTREE,MA,2184
f15cf8e0-db9a-39b1-b78f-8a6a01cf574b,HAMPDEN COUNTY URGENT MEDICAL CARE CENTER,EAST LONGMEADOW,MA,1028
ff9474cb-cf9c-350a-a22b-b949ee9793cf,FAMILY CARE MEDICAL CENTER / URGENT CARE PHYSICIAN,SPRINGFIELD,MA,1118
cbbee84d-7644-3b24-9f41-e3747f5050df,FAMILY HEALTH CENTER,WORCESTER,MA,1610
df5a38ee-e493-3572-8f92-bb695aef9891,MID CAPE MEDICAL CENTER,HYANNIS,MA,2601
e3f1676b-9b40-3544-af4e-17a06bbb98bb,CODMAN SQUARE HEALTH CENTER,DORCHESTER,MA,2124
b81688f5-bd0e-3c99-963f-860d3e90ab5d,URGENT CARE MEDICAL CLINIC,BOSTON,MA,2116
62fa9127-485f-3032-87cc-6576d91fec94,LAHEY CLINIC NORTHSHORE,PEABODY,MA,1960
b60f8daf-0362-3c28-9b54-216e7f3e80bd,FALMOUTH HOSPITAL CLINIC AT BOURNE,BUZZARDS BAY,MA,2532
d672f853-e2a5-324e-98fa-c6d5f8dfc255,WALTHAM URGENT CARE,WALTHAM,MA,2453
27f06acd-f732-3871-be87-889fef7d9010,CONCENTRA URGENT CARE - GREENFIELD,GREENFIELD,MA,1301
7ffe74ac-786d-3c6d-bcb9-323352f6149c,CONCENTRA URGENT CARE - SPRINGFIELD,SPRINGFIELD,MA,1104
b06770b5-b695-3c1a-9685-ae2223966ff7,GENERAL HEALTH CARE,NORTH ATTLEBORO,MA,2760
a9afd4c9-8443-3b5a-a486-07c3bb109b3f,RIVER BEND MEDICAL GROUP - CHICOPEE OFFICE - URGENT CARE,CHICOPEE,MA,1020
9b5f23f1-c387-3a77-9359-752d26d7f997,FAMILY DOCTORS,SWAMPSCOTT,MA,1907
108ccece-277a-396f-8bf2-1527f74458eb,ON CALL URGENT CARE CENTER,NORTHAMPTON,MA,1060
f7a6cc79-3075-3124-9f62-6fe562440b1d,HAWTHORN MEDICAL URGENT CARE CENTER,NORTH DARTMOUTH,MA,2747
0f7f97f6-693c-3de9-8190-85feaf4632e2,CONCENTRA URGENT CARE - EAST BOSTON,EAST BOSTON,MA,2128
308b5efa-a9c2-3728-b1ff-d29c5f060731,FALLON CLINIC URGENT CARE,WORCESTER,MA,1605
90cf148c-69ed-3d33-aa86-b509c6b0b25f,PROMPT CARE WALK-IN CLINIC,MEDFORD,MA,2155
